,Date Created,Tweet Count,News Source,Tweet Text,Compound Score,Positive Score,Negative Score,Neutral Score
0,Sat Jan 06 23:57:10 +0000 2018,1,BBC,"RT @BBCScotland: Let this be a lesson to us all...how NOT to split the bill. 

From @MrQuippy https://t.co/wEGoJQm5Fe",0.0,0.0,0.0,1.0
1,Sat Jan 06 23:56:58 +0000 2018,2,BBC,RT @bbcthree: Kids discussing hipsters is as amazing as you'd expect. https://t.co/7ZlwQbc8Bw,0.5859,0.257,0.0,0.743
2,Sat Jan 06 23:56:09 +0000 2018,3,BBC,"RT @BBCScotland: Heroin exploded into housing schemes around Scotland in the early 80's changing policing and society forever.

Watch the f‚Ä¶",-0.4939,0.0,0.138,0.862
3,Sat Jan 06 23:55:08 +0000 2018,4,BBC,"RT @BBCMOTD: üé∂ Doo doo doo doo doo doo doo doo doo doo doo doo doo doo doo‚Ä¶ üé∂

#FACup third round day always throws up some stories - today‚Ä¶",0.0,0.0,0.0,1.0
4,Sat Jan 06 19:33:03 +0000 2018,5,BBC,"DCI Hicks and DI Renko stumble on a lethal secret that will bind them together for life. 

#HardSun | 9.35pm |‚Ä¶ https://t.co/Tl7pjslOQZ",0.0,0.0,0.0,1.0
5,Sat Jan 06 19:01:04 +0000 2018,6,BBC,üë∞ü§µüèÜ @reallorraine and @RobBeckettComic present as couples and their families come together for a wedding day like n‚Ä¶ https://t.co/acOWVTDVKy,0.3612,0.128,0.0,0.872
6,Sat Jan 06 18:32:03 +0000 2018,7,BBC,"Tonight, nature lover Hugh Fearnley-Whittingstall exlpores the wildlife of the West Country. üê≠üçÉ 

Hugh's Wild West‚Ä¶ https://t.co/GvNEA0JNz7",0.5859,0.192,0.0,0.808
7,Sat Jan 06 17:59:01 +0000 2018,8,BBC,"We've made huge advances in eye care over the years, but will we ever be able to eliminate blindness? https://t.co/2IfDxktpiD",0.4118,0.172,0.0,0.828
8,Sat Jan 06 17:30:07 +0000 2018,9,BBC,"'You feel like you‚Äôre in outer space.‚Äô
How people in the Russian far east cope with living in -50 Celsius. ‚ùÑ https://t.co/YIgVe77Zey",0.3612,0.111,0.0,0.889
9,Sat Jan 06 17:00:09 +0000 2018,10,BBC,"Who will stand the test of time and be remembered in 1,000 years? https://t.co/VpoJ0hQMlP https://t.co/ON7WonHhEC",0.0,0.0,0.0,1.0
10,Sat Jan 06 16:45:03 +0000 2018,11,BBC,"Todogganing üê∂üèÇ
https://t.co/EFO7JRP77K",0.0,0.0,0.0,1.0
11,Sat Jan 06 16:30:04 +0000 2018,12,BBC,These women in Pakistan are learning Mixed Martial Arts to fight against sexual harassment. üëä https://t.co/TOVvhUN3cv,-0.7269,0.0,0.319,0.681
12,Sat Jan 06 16:18:16 +0000 2018,13,BBC,RT @bbccomedy: Accidental likes? Buffering videos? Our parents have NO IDEA what we go through... üò≠ https://t.co/E8R4OXVHcv,-0.2006,0.137,0.225,0.637
13,Sat Jan 06 16:03:04 +0000 2018,14,BBC,Scientists are using a common virus used to help fight incurable brain cancer. üî¨ https://t.co/koLrDckPs4 https://t.co/yHjxJONrqi,-0.6486,0.13,0.338,0.531
14,Sat Jan 06 15:33:03 +0000 2018,15,BBC,üê∂üê±üìÜ  Should workers be allowed 'paw-ternity leave' - paid time off to care for their pets? https://t.co/DUIlvg8MfD https://t.co/E0qGmCaicv,0.4588,0.165,0.062,0.773
15,Sat Jan 06 15:21:56 +0000 2018,16,BBC,RT @bbcworldservice: Why we can't resist puppy dog eyes. üê∂ üìª https://t.co/3tHzsHxw6O https://t.co/do6bcqnMQJ,0.0,0.0,0.0,1.0
16,Sat Jan 06 15:00:10 +0000 2018,17,BBC,Battle stations people! We may be heading for a chocolate crisis. üç´üò´ https://t.co/n1Hefd02KG https://t.co/fXS6mvx088,-0.7901,0.0,0.389,0.611
17,Sat Jan 06 14:00:04 +0000 2018,18,BBC,"What a polar bear cub sounds like. ‚ù§Ô∏èÔ∏è
https://t.co/c8lWvBlo6U",0.3612,0.263,0.0,0.737
18,Sat Jan 06 13:00:08 +0000 2018,19,BBC,Want to help the wildlife in your backyard this winter? Here are some ideas for creating a 'winter menu‚Äô. üòã https://t.co/1TG8z9n1wf,0.6369,0.279,0.0,0.721
19,Sat Jan 06 12:00:06 +0000 2018,20,BBC,Thousands of people have attempted to build the world's tallest Lego tower in memory of an eight-year-old cancer vi‚Ä¶ https://t.co/mknHDReqM5,-0.6597,0.0,0.188,0.812
20,Sat Jan 06 23:57:10 +0000 2018,21,BBC,"RT @BBCScotland: Let this be a lesson to us all...how NOT to split the bill. 

From @MrQuippy https://t.co/wEGoJQm5Fe",0.0,0.0,0.0,1.0
21,Sat Jan 06 23:56:58 +0000 2018,22,BBC,RT @bbcthree: Kids discussing hipsters is as amazing as you'd expect. https://t.co/7ZlwQbc8Bw,0.5859,0.257,0.0,0.743
22,Sat Jan 06 23:56:09 +0000 2018,23,BBC,"RT @BBCScotland: Heroin exploded into housing schemes around Scotland in the early 80's changing policing and society forever.

Watch the f‚Ä¶",-0.4939,0.0,0.138,0.862
23,Sat Jan 06 23:55:08 +0000 2018,24,BBC,"RT @BBCMOTD: üé∂ Doo doo doo doo doo doo doo doo doo doo doo doo doo doo doo‚Ä¶ üé∂

#FACup third round day always throws up some stories - today‚Ä¶",0.0,0.0,0.0,1.0
24,Sat Jan 06 19:33:03 +0000 2018,25,BBC,"DCI Hicks and DI Renko stumble on a lethal secret that will bind them together for life. 

#HardSun | 9.35pm |‚Ä¶ https://t.co/Tl7pjslOQZ",0.0,0.0,0.0,1.0
25,Sat Jan 06 19:01:04 +0000 2018,26,BBC,üë∞ü§µüèÜ @reallorraine and @RobBeckettComic present as couples and their families come together for a wedding day like n‚Ä¶ https://t.co/acOWVTDVKy,0.3612,0.128,0.0,0.872
26,Sat Jan 06 18:32:03 +0000 2018,27,BBC,"Tonight, nature lover Hugh Fearnley-Whittingstall exlpores the wildlife of the West Country. üê≠üçÉ 

Hugh's Wild West‚Ä¶ https://t.co/GvNEA0JNz7",0.5859,0.192,0.0,0.808
27,Sat Jan 06 17:59:01 +0000 2018,28,BBC,"We've made huge advances in eye care over the years, but will we ever be able to eliminate blindness? https://t.co/2IfDxktpiD",0.4118,0.172,0.0,0.828
28,Sat Jan 06 17:30:07 +0000 2018,29,BBC,"'You feel like you‚Äôre in outer space.‚Äô
How people in the Russian far east cope with living in -50 Celsius. ‚ùÑ https://t.co/YIgVe77Zey",0.3612,0.111,0.0,0.889
29,Sat Jan 06 17:00:09 +0000 2018,30,BBC,"Who will stand the test of time and be remembered in 1,000 years? https://t.co/VpoJ0hQMlP https://t.co/ON7WonHhEC",0.0,0.0,0.0,1.0
30,Sat Jan 06 16:45:03 +0000 2018,31,BBC,"Todogganing üê∂üèÇ
https://t.co/EFO7JRP77K",0.0,0.0,0.0,1.0
31,Sat Jan 06 16:30:04 +0000 2018,32,BBC,These women in Pakistan are learning Mixed Martial Arts to fight against sexual harassment. üëä https://t.co/TOVvhUN3cv,-0.7269,0.0,0.319,0.681
32,Sat Jan 06 16:18:16 +0000 2018,33,BBC,RT @bbccomedy: Accidental likes? Buffering videos? Our parents have NO IDEA what we go through... üò≠ https://t.co/E8R4OXVHcv,-0.2006,0.137,0.225,0.637
33,Sat Jan 06 16:03:04 +0000 2018,34,BBC,Scientists are using a common virus used to help fight incurable brain cancer. üî¨ https://t.co/koLrDckPs4 https://t.co/yHjxJONrqi,-0.6486,0.13,0.338,0.531
34,Sat Jan 06 15:33:03 +0000 2018,35,BBC,üê∂üê±üìÜ  Should workers be allowed 'paw-ternity leave' - paid time off to care for their pets? https://t.co/DUIlvg8MfD https://t.co/E0qGmCaicv,0.4588,0.165,0.062,0.773
35,Sat Jan 06 15:21:56 +0000 2018,36,BBC,RT @bbcworldservice: Why we can't resist puppy dog eyes. üê∂ üìª https://t.co/3tHzsHxw6O https://t.co/do6bcqnMQJ,0.0,0.0,0.0,1.0
36,Sat Jan 06 15:00:10 +0000 2018,37,BBC,Battle stations people! We may be heading for a chocolate crisis. üç´üò´ https://t.co/n1Hefd02KG https://t.co/fXS6mvx088,-0.7901,0.0,0.389,0.611
37,Sat Jan 06 14:00:04 +0000 2018,38,BBC,"What a polar bear cub sounds like. ‚ù§Ô∏èÔ∏è
https://t.co/c8lWvBlo6U",0.3612,0.263,0.0,0.737
38,Sat Jan 06 13:00:08 +0000 2018,39,BBC,Want to help the wildlife in your backyard this winter? Here are some ideas for creating a 'winter menu‚Äô. üòã https://t.co/1TG8z9n1wf,0.6369,0.279,0.0,0.721
39,Sat Jan 06 12:00:06 +0000 2018,40,BBC,Thousands of people have attempted to build the world's tallest Lego tower in memory of an eight-year-old cancer vi‚Ä¶ https://t.co/mknHDReqM5,-0.6597,0.0,0.188,0.812
40,Sat Jan 06 23:57:10 +0000 2018,41,BBC,"RT @BBCScotland: Let this be a lesson to us all...how NOT to split the bill. 

From @MrQuippy https://t.co/wEGoJQm5Fe",0.0,0.0,0.0,1.0
41,Sat Jan 06 23:56:58 +0000 2018,42,BBC,RT @bbcthree: Kids discussing hipsters is as amazing as you'd expect. https://t.co/7ZlwQbc8Bw,0.5859,0.257,0.0,0.743
42,Sat Jan 06 23:56:09 +0000 2018,43,BBC,"RT @BBCScotland: Heroin exploded into housing schemes around Scotland in the early 80's changing policing and society forever.

Watch the f‚Ä¶",-0.4939,0.0,0.138,0.862
43,Sat Jan 06 23:55:08 +0000 2018,44,BBC,"RT @BBCMOTD: üé∂ Doo doo doo doo doo doo doo doo doo doo doo doo doo doo doo‚Ä¶ üé∂

#FACup third round day always throws up some stories - today‚Ä¶",0.0,0.0,0.0,1.0
44,Sat Jan 06 19:33:03 +0000 2018,45,BBC,"DCI Hicks and DI Renko stumble on a lethal secret that will bind them together for life. 

#HardSun | 9.35pm |‚Ä¶ https://t.co/Tl7pjslOQZ",0.0,0.0,0.0,1.0
45,Sat Jan 06 19:01:04 +0000 2018,46,BBC,üë∞ü§µüèÜ @reallorraine and @RobBeckettComic present as couples and their families come together for a wedding day like n‚Ä¶ https://t.co/acOWVTDVKy,0.3612,0.128,0.0,0.872
46,Sat Jan 06 18:32:03 +0000 2018,47,BBC,"Tonight, nature lover Hugh Fearnley-Whittingstall exlpores the wildlife of the West Country. üê≠üçÉ 

Hugh's Wild West‚Ä¶ https://t.co/GvNEA0JNz7",0.5859,0.192,0.0,0.808
47,Sat Jan 06 17:59:01 +0000 2018,48,BBC,"We've made huge advances in eye care over the years, but will we ever be able to eliminate blindness? https://t.co/2IfDxktpiD",0.4118,0.172,0.0,0.828
48,Sat Jan 06 17:30:07 +0000 2018,49,BBC,"'You feel like you‚Äôre in outer space.‚Äô
How people in the Russian far east cope with living in -50 Celsius. ‚ùÑ https://t.co/YIgVe77Zey",0.3612,0.111,0.0,0.889
49,Sat Jan 06 17:00:09 +0000 2018,50,BBC,"Who will stand the test of time and be remembered in 1,000 years? https://t.co/VpoJ0hQMlP https://t.co/ON7WonHhEC",0.0,0.0,0.0,1.0
50,Sat Jan 06 16:45:03 +0000 2018,51,BBC,"Todogganing üê∂üèÇ
https://t.co/EFO7JRP77K",0.0,0.0,0.0,1.0
51,Sat Jan 06 16:30:04 +0000 2018,52,BBC,These women in Pakistan are learning Mixed Martial Arts to fight against sexual harassment. üëä https://t.co/TOVvhUN3cv,-0.7269,0.0,0.319,0.681
52,Sat Jan 06 16:18:16 +0000 2018,53,BBC,RT @bbccomedy: Accidental likes? Buffering videos? Our parents have NO IDEA what we go through... üò≠ https://t.co/E8R4OXVHcv,-0.2006,0.137,0.225,0.637
53,Sat Jan 06 16:03:04 +0000 2018,54,BBC,Scientists are using a common virus used to help fight incurable brain cancer. üî¨ https://t.co/koLrDckPs4 https://t.co/yHjxJONrqi,-0.6486,0.13,0.338,0.531
54,Sat Jan 06 15:33:03 +0000 2018,55,BBC,üê∂üê±üìÜ  Should workers be allowed 'paw-ternity leave' - paid time off to care for their pets? https://t.co/DUIlvg8MfD https://t.co/E0qGmCaicv,0.4588,0.165,0.062,0.773
55,Sat Jan 06 15:21:56 +0000 2018,56,BBC,RT @bbcworldservice: Why we can't resist puppy dog eyes. üê∂ üìª https://t.co/3tHzsHxw6O https://t.co/do6bcqnMQJ,0.0,0.0,0.0,1.0
56,Sat Jan 06 15:00:10 +0000 2018,57,BBC,Battle stations people! We may be heading for a chocolate crisis. üç´üò´ https://t.co/n1Hefd02KG https://t.co/fXS6mvx088,-0.7901,0.0,0.389,0.611
57,Sat Jan 06 14:00:04 +0000 2018,58,BBC,"What a polar bear cub sounds like. ‚ù§Ô∏èÔ∏è
https://t.co/c8lWvBlo6U",0.3612,0.263,0.0,0.737
58,Sat Jan 06 13:00:08 +0000 2018,59,BBC,Want to help the wildlife in your backyard this winter? Here are some ideas for creating a 'winter menu‚Äô. üòã https://t.co/1TG8z9n1wf,0.6369,0.279,0.0,0.721
59,Sat Jan 06 12:00:06 +0000 2018,60,BBC,Thousands of people have attempted to build the world's tallest Lego tower in memory of an eight-year-old cancer vi‚Ä¶ https://t.co/mknHDReqM5,-0.6597,0.0,0.188,0.812
60,Sat Jan 06 23:57:10 +0000 2018,61,BBC,"RT @BBCScotland: Let this be a lesson to us all...how NOT to split the bill. 

From @MrQuippy https://t.co/wEGoJQm5Fe",0.0,0.0,0.0,1.0
61,Sat Jan 06 23:56:58 +0000 2018,62,BBC,RT @bbcthree: Kids discussing hipsters is as amazing as you'd expect. https://t.co/7ZlwQbc8Bw,0.5859,0.257,0.0,0.743
62,Sat Jan 06 23:56:09 +0000 2018,63,BBC,"RT @BBCScotland: Heroin exploded into housing schemes around Scotland in the early 80's changing policing and society forever.

Watch the f‚Ä¶",-0.4939,0.0,0.138,0.862
63,Sat Jan 06 23:55:08 +0000 2018,64,BBC,"RT @BBCMOTD: üé∂ Doo doo doo doo doo doo doo doo doo doo doo doo doo doo doo‚Ä¶ üé∂

#FACup third round day always throws up some stories - today‚Ä¶",0.0,0.0,0.0,1.0
64,Sat Jan 06 19:33:03 +0000 2018,65,BBC,"DCI Hicks and DI Renko stumble on a lethal secret that will bind them together for life. 

#HardSun | 9.35pm |‚Ä¶ https://t.co/Tl7pjslOQZ",0.0,0.0,0.0,1.0
65,Sat Jan 06 19:01:04 +0000 2018,66,BBC,üë∞ü§µüèÜ @reallorraine and @RobBeckettComic present as couples and their families come together for a wedding day like n‚Ä¶ https://t.co/acOWVTDVKy,0.3612,0.128,0.0,0.872
66,Sat Jan 06 18:32:03 +0000 2018,67,BBC,"Tonight, nature lover Hugh Fearnley-Whittingstall exlpores the wildlife of the West Country. üê≠üçÉ 

Hugh's Wild West‚Ä¶ https://t.co/GvNEA0JNz7",0.5859,0.192,0.0,0.808
67,Sat Jan 06 17:59:01 +0000 2018,68,BBC,"We've made huge advances in eye care over the years, but will we ever be able to eliminate blindness? https://t.co/2IfDxktpiD",0.4118,0.172,0.0,0.828
68,Sat Jan 06 17:30:07 +0000 2018,69,BBC,"'You feel like you‚Äôre in outer space.‚Äô
How people in the Russian far east cope with living in -50 Celsius. ‚ùÑ https://t.co/YIgVe77Zey",0.3612,0.111,0.0,0.889
69,Sat Jan 06 17:00:09 +0000 2018,70,BBC,"Who will stand the test of time and be remembered in 1,000 years? https://t.co/VpoJ0hQMlP https://t.co/ON7WonHhEC",0.0,0.0,0.0,1.0
70,Sat Jan 06 16:45:03 +0000 2018,71,BBC,"Todogganing üê∂üèÇ
https://t.co/EFO7JRP77K",0.0,0.0,0.0,1.0
71,Sat Jan 06 16:30:04 +0000 2018,72,BBC,These women in Pakistan are learning Mixed Martial Arts to fight against sexual harassment. üëä https://t.co/TOVvhUN3cv,-0.7269,0.0,0.319,0.681
72,Sat Jan 06 16:18:16 +0000 2018,73,BBC,RT @bbccomedy: Accidental likes? Buffering videos? Our parents have NO IDEA what we go through... üò≠ https://t.co/E8R4OXVHcv,-0.2006,0.137,0.225,0.637
73,Sat Jan 06 16:03:04 +0000 2018,74,BBC,Scientists are using a common virus used to help fight incurable brain cancer. üî¨ https://t.co/koLrDckPs4 https://t.co/yHjxJONrqi,-0.6486,0.13,0.338,0.531
74,Sat Jan 06 15:33:03 +0000 2018,75,BBC,üê∂üê±üìÜ  Should workers be allowed 'paw-ternity leave' - paid time off to care for their pets? https://t.co/DUIlvg8MfD https://t.co/E0qGmCaicv,0.4588,0.165,0.062,0.773
75,Sat Jan 06 15:21:56 +0000 2018,76,BBC,RT @bbcworldservice: Why we can't resist puppy dog eyes. üê∂ üìª https://t.co/3tHzsHxw6O https://t.co/do6bcqnMQJ,0.0,0.0,0.0,1.0
76,Sat Jan 06 15:00:10 +0000 2018,77,BBC,Battle stations people! We may be heading for a chocolate crisis. üç´üò´ https://t.co/n1Hefd02KG https://t.co/fXS6mvx088,-0.7901,0.0,0.389,0.611
77,Sat Jan 06 14:00:04 +0000 2018,78,BBC,"What a polar bear cub sounds like. ‚ù§Ô∏èÔ∏è
https://t.co/c8lWvBlo6U",0.3612,0.263,0.0,0.737
78,Sat Jan 06 13:00:08 +0000 2018,79,BBC,Want to help the wildlife in your backyard this winter? Here are some ideas for creating a 'winter menu‚Äô. üòã https://t.co/1TG8z9n1wf,0.6369,0.279,0.0,0.721
79,Sat Jan 06 12:00:06 +0000 2018,80,BBC,Thousands of people have attempted to build the world's tallest Lego tower in memory of an eight-year-old cancer vi‚Ä¶ https://t.co/mknHDReqM5,-0.6597,0.0,0.188,0.812
80,Sat Jan 06 23:57:10 +0000 2018,81,BBC,"RT @BBCScotland: Let this be a lesson to us all...how NOT to split the bill. 

From @MrQuippy https://t.co/wEGoJQm5Fe",0.0,0.0,0.0,1.0
81,Sat Jan 06 23:56:58 +0000 2018,82,BBC,RT @bbcthree: Kids discussing hipsters is as amazing as you'd expect. https://t.co/7ZlwQbc8Bw,0.5859,0.257,0.0,0.743
82,Sat Jan 06 23:56:09 +0000 2018,83,BBC,"RT @BBCScotland: Heroin exploded into housing schemes around Scotland in the early 80's changing policing and society forever.

Watch the f‚Ä¶",-0.4939,0.0,0.138,0.862
83,Sat Jan 06 23:55:08 +0000 2018,84,BBC,"RT @BBCMOTD: üé∂ Doo doo doo doo doo doo doo doo doo doo doo doo doo doo doo‚Ä¶ üé∂

#FACup third round day always throws up some stories - today‚Ä¶",0.0,0.0,0.0,1.0
84,Sat Jan 06 19:33:03 +0000 2018,85,BBC,"DCI Hicks and DI Renko stumble on a lethal secret that will bind them together for life. 

#HardSun | 9.35pm |‚Ä¶ https://t.co/Tl7pjslOQZ",0.0,0.0,0.0,1.0
85,Sat Jan 06 19:01:04 +0000 2018,86,BBC,üë∞ü§µüèÜ @reallorraine and @RobBeckettComic present as couples and their families come together for a wedding day like n‚Ä¶ https://t.co/acOWVTDVKy,0.3612,0.128,0.0,0.872
86,Sat Jan 06 18:32:03 +0000 2018,87,BBC,"Tonight, nature lover Hugh Fearnley-Whittingstall exlpores the wildlife of the West Country. üê≠üçÉ 

Hugh's Wild West‚Ä¶ https://t.co/GvNEA0JNz7",0.5859,0.192,0.0,0.808
87,Sat Jan 06 17:59:01 +0000 2018,88,BBC,"We've made huge advances in eye care over the years, but will we ever be able to eliminate blindness? https://t.co/2IfDxktpiD",0.4118,0.172,0.0,0.828
88,Sat Jan 06 17:30:07 +0000 2018,89,BBC,"'You feel like you‚Äôre in outer space.‚Äô
How people in the Russian far east cope with living in -50 Celsius. ‚ùÑ https://t.co/YIgVe77Zey",0.3612,0.111,0.0,0.889
89,Sat Jan 06 17:00:09 +0000 2018,90,BBC,"Who will stand the test of time and be remembered in 1,000 years? https://t.co/VpoJ0hQMlP https://t.co/ON7WonHhEC",0.0,0.0,0.0,1.0
90,Sat Jan 06 16:45:03 +0000 2018,91,BBC,"Todogganing üê∂üèÇ
https://t.co/EFO7JRP77K",0.0,0.0,0.0,1.0
91,Sat Jan 06 16:30:04 +0000 2018,92,BBC,These women in Pakistan are learning Mixed Martial Arts to fight against sexual harassment. üëä https://t.co/TOVvhUN3cv,-0.7269,0.0,0.319,0.681
92,Sat Jan 06 16:18:16 +0000 2018,93,BBC,RT @bbccomedy: Accidental likes? Buffering videos? Our parents have NO IDEA what we go through... üò≠ https://t.co/E8R4OXVHcv,-0.2006,0.137,0.225,0.637
93,Sat Jan 06 16:03:04 +0000 2018,94,BBC,Scientists are using a common virus used to help fight incurable brain cancer. üî¨ https://t.co/koLrDckPs4 https://t.co/yHjxJONrqi,-0.6486,0.13,0.338,0.531
94,Sat Jan 06 15:33:03 +0000 2018,95,BBC,üê∂üê±üìÜ  Should workers be allowed 'paw-ternity leave' - paid time off to care for their pets? https://t.co/DUIlvg8MfD https://t.co/E0qGmCaicv,0.4588,0.165,0.062,0.773
95,Sat Jan 06 15:21:56 +0000 2018,96,BBC,RT @bbcworldservice: Why we can't resist puppy dog eyes. üê∂ üìª https://t.co/3tHzsHxw6O https://t.co/do6bcqnMQJ,0.0,0.0,0.0,1.0
96,Sat Jan 06 15:00:10 +0000 2018,97,BBC,Battle stations people! We may be heading for a chocolate crisis. üç´üò´ https://t.co/n1Hefd02KG https://t.co/fXS6mvx088,-0.7901,0.0,0.389,0.611
97,Sat Jan 06 14:00:04 +0000 2018,98,BBC,"What a polar bear cub sounds like. ‚ù§Ô∏èÔ∏è
https://t.co/c8lWvBlo6U",0.3612,0.263,0.0,0.737
98,Sat Jan 06 13:00:08 +0000 2018,99,BBC,Want to help the wildlife in your backyard this winter? Here are some ideas for creating a 'winter menu‚Äô. üòã https://t.co/1TG8z9n1wf,0.6369,0.279,0.0,0.721
99,Sat Jan 06 12:00:06 +0000 2018,100,BBC,Thousands of people have attempted to build the world's tallest Lego tower in memory of an eight-year-old cancer vi‚Ä¶ https://t.co/mknHDReqM5,-0.6597,0.0,0.188,0.812
100,Sat Jan 06 20:05:17 +0000 2018,1,CBS,"RT @debrabirnbaum: .@ShawnRyanTV: To me, being on CBS is the opposite of preaching to the choir. #TCA18",0.0,0.0,0.0,1.0
101,Sat Jan 06 19:04:08 +0000 2018,2,CBS,RT @LivinBiblically: ‚ÄúThe truth is it somehow gorgeously straddles both sides...I have had friends come from all different walks of life an‚Ä¶,0.8271,0.314,0.0,0.686
102,Sat Jan 06 19:03:38 +0000 2018,3,CBS,RT @instinctcbs: ‚ÄúThis is a crime show where at the end you‚Äôre not reminded of how miserable things are in the world right now‚Ä¶You feel sat‚Ä¶,-0.7717,0.0,0.226,0.774
103,Sat Jan 06 00:37:55 +0000 2018,4,CBS,"RT @startrekcbs: Star Trek has touched the lives of generations of fans, including the cast and writers of #StarTrekDiscovery. What's your‚Ä¶",0.0,0.0,0.0,1.0
104,Sat Jan 06 00:30:53 +0000 2018,5,CBS,#StrangeAngel has found its leading man! Jack Reynor will star as famed rocket engineer Jack Parsons in the upcomin‚Ä¶ https://t.co/sHkSKABGfd,0.0,0.0,0.0,1.0
105,Fri Jan 05 18:30:42 +0000 2018,6,CBS,"The streak of new episodes continues! Watch new episodes of #MacGyver, #H50 &amp; #BlueBloods tonight starting at 8/7c.‚Ä¶ https://t.co/xs2vbVqBJZ",0.0,0.0,0.0,1.0
106,Fri Jan 05 16:05:58 +0000 2018,7,CBS,"RT @CBSTweet: #CBSRatingsNews: CBS Sweeps Fourth Quarter Ratings in Daytime, Primetime and Late Night for the First Time Since 2009 https:/‚Ä¶",0.0,0.0,0.0,1.0
107,Thu Jan 04 23:13:02 +0000 2018,8,CBS,"New year, new episodes! Don't miss all-new episodes of @BigBangTheory, @YoungSheldon, @MomCBS, @LifeInPiecesCBS, an‚Ä¶ https://t.co/COf6Qg8Mz1",0.1867,0.11,0.0,0.89
108,Thu Jan 04 14:43:09 +0000 2018,9,CBS,"Current nominees @LadyGaga, @LittleBigTown, @Pink, Childish Gambino and more will perform live at the #GRAMMYs, Jan‚Ä¶ https://t.co/PlLMasNPwD",-0.296,0.0,0.121,0.879
109,Wed Jan 03 20:33:09 +0000 2018,10,CBS,"RT @startrekcbs: From Airiam to Zefram Cochrane, #StarTrekDiscovery features fascinating new concepts along with classic references. What's‚Ä¶",0.5423,0.179,0.0,0.821
110,Wed Jan 03 19:51:15 +0000 2018,11,CBS,Torres and Bishop went undercover as a criminal couple on the latest episode of #NCIS. Catch up now:‚Ä¶ https://t.co/1iTEneHyJS,-0.5267,0.0,0.167,0.833
111,Wed Jan 03 15:00:05 +0000 2018,12,CBS,Do you know all the nominees for Artist Of The Year? Get familiar with this year's GRAMMY¬Æ Award nominees ahead of‚Ä¶ https://t.co/UQa8Mu9PUV,0.5423,0.143,0.0,0.857
112,Wed Jan 03 12:00:01 +0000 2018,13,CBS,"The new year of new episodes continues tonight with all-new episodes of #AmazingRace, #SEALTeam and #CriminalMinds‚Ä¶ https://t.co/bwhNhQgsFC",0.0,0.0,0.0,1.0
113,Wed Jan 03 00:47:26 +0000 2018,14,CBS,"RT @BullCBS: Tonight, can #Bull prove that a teen accused of robbing a jewelry store isn't responsible for the crime? Tune in at 9/8c or st‚Ä¶",-0.7692,0.0,0.267,0.733
114,Tue Jan 02 22:41:51 +0000 2018,15,CBS,It's your last chance to choose the pro football player with the best off-the-field talent! Vote now to decide who‚Ä¶ https://t.co/6DjwqU0MB9,0.8516,0.34,0.0,0.66
115,Tue Jan 02 08:00:03 +0000 2018,16,CBS,"New year, new episodes -- all week long! It kicks off with an all-new #NCIS, #Bull and #NCISNOLA tonight starting a‚Ä¶ https://t.co/bcmAaUQJtf",0.0,0.0,0.0,1.0
116,Mon Jan 01 01:16:12 +0000 2018,17,CBS,"Due to #NFL football games overrun, revised start times &amp; lineup for Eastern/Central Time Zones Only:
#60Minutes 8:‚Ä¶ https://t.co/rqOYbM5j0h",0.0,0.0,0.0,1.0
117,Sun Dec 31 14:37:05 +0000 2017,18,CBS,Get ready for football! Stream NFL on CBS today with #CBSAllAccess. Try 1 month FREE with promo code BINGE (not ava‚Ä¶ https://t.co/NEntvW7QHd,0.7798,0.264,0.0,0.736
118,Sat Dec 30 20:25:20 +0000 2017,19,CBS,"RT @NoActivityCBS: All season nothing's happened. Now prepare for activity. Stream the #NoActivity season finale Sunday, Dec 31 on CBS All‚Ä¶",0.0,0.0,0.0,1.0
119,Sat Dec 30 20:24:58 +0000 2017,20,CBS,RT @startrekcbs: Find out what happens when you boldly go too far. #StarTrekDiscovery continues January 7 on CBS All Access: https://t.co/f‚Ä¶,0.3612,0.116,0.0,0.884
120,Sat Jan 06 20:05:17 +0000 2018,21,CBS,"RT @debrabirnbaum: .@ShawnRyanTV: To me, being on CBS is the opposite of preaching to the choir. #TCA18",0.0,0.0,0.0,1.0
121,Sat Jan 06 19:04:08 +0000 2018,22,CBS,RT @LivinBiblically: ‚ÄúThe truth is it somehow gorgeously straddles both sides...I have had friends come from all different walks of life an‚Ä¶,0.8271,0.314,0.0,0.686
122,Sat Jan 06 19:03:38 +0000 2018,23,CBS,RT @instinctcbs: ‚ÄúThis is a crime show where at the end you‚Äôre not reminded of how miserable things are in the world right now‚Ä¶You feel sat‚Ä¶,-0.7717,0.0,0.226,0.774
123,Sat Jan 06 00:37:55 +0000 2018,24,CBS,"RT @startrekcbs: Star Trek has touched the lives of generations of fans, including the cast and writers of #StarTrekDiscovery. What's your‚Ä¶",0.0,0.0,0.0,1.0
124,Sat Jan 06 00:30:53 +0000 2018,25,CBS,#StrangeAngel has found its leading man! Jack Reynor will star as famed rocket engineer Jack Parsons in the upcomin‚Ä¶ https://t.co/sHkSKABGfd,0.0,0.0,0.0,1.0
125,Fri Jan 05 18:30:42 +0000 2018,26,CBS,"The streak of new episodes continues! Watch new episodes of #MacGyver, #H50 &amp; #BlueBloods tonight starting at 8/7c.‚Ä¶ https://t.co/xs2vbVqBJZ",0.0,0.0,0.0,1.0
126,Fri Jan 05 16:05:58 +0000 2018,27,CBS,"RT @CBSTweet: #CBSRatingsNews: CBS Sweeps Fourth Quarter Ratings in Daytime, Primetime and Late Night for the First Time Since 2009 https:/‚Ä¶",0.0,0.0,0.0,1.0
127,Thu Jan 04 23:13:02 +0000 2018,28,CBS,"New year, new episodes! Don't miss all-new episodes of @BigBangTheory, @YoungSheldon, @MomCBS, @LifeInPiecesCBS, an‚Ä¶ https://t.co/COf6Qg8Mz1",0.1867,0.11,0.0,0.89
128,Thu Jan 04 14:43:09 +0000 2018,29,CBS,"Current nominees @LadyGaga, @LittleBigTown, @Pink, Childish Gambino and more will perform live at the #GRAMMYs, Jan‚Ä¶ https://t.co/PlLMasNPwD",-0.296,0.0,0.121,0.879
129,Wed Jan 03 20:33:09 +0000 2018,30,CBS,"RT @startrekcbs: From Airiam to Zefram Cochrane, #StarTrekDiscovery features fascinating new concepts along with classic references. What's‚Ä¶",0.5423,0.179,0.0,0.821
130,Wed Jan 03 19:51:15 +0000 2018,31,CBS,Torres and Bishop went undercover as a criminal couple on the latest episode of #NCIS. Catch up now:‚Ä¶ https://t.co/1iTEneHyJS,-0.5267,0.0,0.167,0.833
131,Wed Jan 03 15:00:05 +0000 2018,32,CBS,Do you know all the nominees for Artist Of The Year? Get familiar with this year's GRAMMY¬Æ Award nominees ahead of‚Ä¶ https://t.co/UQa8Mu9PUV,0.5423,0.143,0.0,0.857
132,Wed Jan 03 12:00:01 +0000 2018,33,CBS,"The new year of new episodes continues tonight with all-new episodes of #AmazingRace, #SEALTeam and #CriminalMinds‚Ä¶ https://t.co/bwhNhQgsFC",0.0,0.0,0.0,1.0
133,Wed Jan 03 00:47:26 +0000 2018,34,CBS,"RT @BullCBS: Tonight, can #Bull prove that a teen accused of robbing a jewelry store isn't responsible for the crime? Tune in at 9/8c or st‚Ä¶",-0.7692,0.0,0.267,0.733
134,Tue Jan 02 22:41:51 +0000 2018,35,CBS,It's your last chance to choose the pro football player with the best off-the-field talent! Vote now to decide who‚Ä¶ https://t.co/6DjwqU0MB9,0.8516,0.34,0.0,0.66
135,Tue Jan 02 08:00:03 +0000 2018,36,CBS,"New year, new episodes -- all week long! It kicks off with an all-new #NCIS, #Bull and #NCISNOLA tonight starting a‚Ä¶ https://t.co/bcmAaUQJtf",0.0,0.0,0.0,1.0
136,Mon Jan 01 01:16:12 +0000 2018,37,CBS,"Due to #NFL football games overrun, revised start times &amp; lineup for Eastern/Central Time Zones Only:
#60Minutes 8:‚Ä¶ https://t.co/rqOYbM5j0h",0.0,0.0,0.0,1.0
137,Sun Dec 31 14:37:05 +0000 2017,38,CBS,Get ready for football! Stream NFL on CBS today with #CBSAllAccess. Try 1 month FREE with promo code BINGE (not ava‚Ä¶ https://t.co/NEntvW7QHd,0.7798,0.264,0.0,0.736
138,Sat Dec 30 20:25:20 +0000 2017,39,CBS,"RT @NoActivityCBS: All season nothing's happened. Now prepare for activity. Stream the #NoActivity season finale Sunday, Dec 31 on CBS All‚Ä¶",0.0,0.0,0.0,1.0
139,Sat Dec 30 20:24:58 +0000 2017,40,CBS,RT @startrekcbs: Find out what happens when you boldly go too far. #StarTrekDiscovery continues January 7 on CBS All Access: https://t.co/f‚Ä¶,0.3612,0.116,0.0,0.884
140,Sat Jan 06 20:05:17 +0000 2018,41,CBS,"RT @debrabirnbaum: .@ShawnRyanTV: To me, being on CBS is the opposite of preaching to the choir. #TCA18",0.0,0.0,0.0,1.0
141,Sat Jan 06 19:04:08 +0000 2018,42,CBS,RT @LivinBiblically: ‚ÄúThe truth is it somehow gorgeously straddles both sides...I have had friends come from all different walks of life an‚Ä¶,0.8271,0.314,0.0,0.686
142,Sat Jan 06 19:03:38 +0000 2018,43,CBS,RT @instinctcbs: ‚ÄúThis is a crime show where at the end you‚Äôre not reminded of how miserable things are in the world right now‚Ä¶You feel sat‚Ä¶,-0.7717,0.0,0.226,0.774
143,Sat Jan 06 00:37:55 +0000 2018,44,CBS,"RT @startrekcbs: Star Trek has touched the lives of generations of fans, including the cast and writers of #StarTrekDiscovery. What's your‚Ä¶",0.0,0.0,0.0,1.0
144,Sat Jan 06 00:30:53 +0000 2018,45,CBS,#StrangeAngel has found its leading man! Jack Reynor will star as famed rocket engineer Jack Parsons in the upcomin‚Ä¶ https://t.co/sHkSKABGfd,0.0,0.0,0.0,1.0
145,Fri Jan 05 18:30:42 +0000 2018,46,CBS,"The streak of new episodes continues! Watch new episodes of #MacGyver, #H50 &amp; #BlueBloods tonight starting at 8/7c.‚Ä¶ https://t.co/xs2vbVqBJZ",0.0,0.0,0.0,1.0
146,Fri Jan 05 16:05:58 +0000 2018,47,CBS,"RT @CBSTweet: #CBSRatingsNews: CBS Sweeps Fourth Quarter Ratings in Daytime, Primetime and Late Night for the First Time Since 2009 https:/‚Ä¶",0.0,0.0,0.0,1.0
147,Thu Jan 04 23:13:02 +0000 2018,48,CBS,"New year, new episodes! Don't miss all-new episodes of @BigBangTheory, @YoungSheldon, @MomCBS, @LifeInPiecesCBS, an‚Ä¶ https://t.co/COf6Qg8Mz1",0.1867,0.11,0.0,0.89
148,Thu Jan 04 14:43:09 +0000 2018,49,CBS,"Current nominees @LadyGaga, @LittleBigTown, @Pink, Childish Gambino and more will perform live at the #GRAMMYs, Jan‚Ä¶ https://t.co/PlLMasNPwD",-0.296,0.0,0.121,0.879
149,Wed Jan 03 20:33:09 +0000 2018,50,CBS,"RT @startrekcbs: From Airiam to Zefram Cochrane, #StarTrekDiscovery features fascinating new concepts along with classic references. What's‚Ä¶",0.5423,0.179,0.0,0.821
150,Wed Jan 03 19:51:15 +0000 2018,51,CBS,Torres and Bishop went undercover as a criminal couple on the latest episode of #NCIS. Catch up now:‚Ä¶ https://t.co/1iTEneHyJS,-0.5267,0.0,0.167,0.833
151,Wed Jan 03 15:00:05 +0000 2018,52,CBS,Do you know all the nominees for Artist Of The Year? Get familiar with this year's GRAMMY¬Æ Award nominees ahead of‚Ä¶ https://t.co/UQa8Mu9PUV,0.5423,0.143,0.0,0.857
152,Wed Jan 03 12:00:01 +0000 2018,53,CBS,"The new year of new episodes continues tonight with all-new episodes of #AmazingRace, #SEALTeam and #CriminalMinds‚Ä¶ https://t.co/bwhNhQgsFC",0.0,0.0,0.0,1.0
153,Wed Jan 03 00:47:26 +0000 2018,54,CBS,"RT @BullCBS: Tonight, can #Bull prove that a teen accused of robbing a jewelry store isn't responsible for the crime? Tune in at 9/8c or st‚Ä¶",-0.7692,0.0,0.267,0.733
154,Tue Jan 02 22:41:51 +0000 2018,55,CBS,It's your last chance to choose the pro football player with the best off-the-field talent! Vote now to decide who‚Ä¶ https://t.co/6DjwqU0MB9,0.8516,0.34,0.0,0.66
155,Tue Jan 02 08:00:03 +0000 2018,56,CBS,"New year, new episodes -- all week long! It kicks off with an all-new #NCIS, #Bull and #NCISNOLA tonight starting a‚Ä¶ https://t.co/bcmAaUQJtf",0.0,0.0,0.0,1.0
156,Mon Jan 01 01:16:12 +0000 2018,57,CBS,"Due to #NFL football games overrun, revised start times &amp; lineup for Eastern/Central Time Zones Only:
#60Minutes 8:‚Ä¶ https://t.co/rqOYbM5j0h",0.0,0.0,0.0,1.0
157,Sun Dec 31 14:37:05 +0000 2017,58,CBS,Get ready for football! Stream NFL on CBS today with #CBSAllAccess. Try 1 month FREE with promo code BINGE (not ava‚Ä¶ https://t.co/NEntvW7QHd,0.7798,0.264,0.0,0.736
158,Sat Dec 30 20:25:20 +0000 2017,59,CBS,"RT @NoActivityCBS: All season nothing's happened. Now prepare for activity. Stream the #NoActivity season finale Sunday, Dec 31 on CBS All‚Ä¶",0.0,0.0,0.0,1.0
159,Sat Dec 30 20:24:58 +0000 2017,60,CBS,RT @startrekcbs: Find out what happens when you boldly go too far. #StarTrekDiscovery continues January 7 on CBS All Access: https://t.co/f‚Ä¶,0.3612,0.116,0.0,0.884
160,Sat Jan 06 20:05:17 +0000 2018,61,CBS,"RT @debrabirnbaum: .@ShawnRyanTV: To me, being on CBS is the opposite of preaching to the choir. #TCA18",0.0,0.0,0.0,1.0
161,Sat Jan 06 19:04:08 +0000 2018,62,CBS,RT @LivinBiblically: ‚ÄúThe truth is it somehow gorgeously straddles both sides...I have had friends come from all different walks of life an‚Ä¶,0.8271,0.314,0.0,0.686
162,Sat Jan 06 19:03:38 +0000 2018,63,CBS,RT @instinctcbs: ‚ÄúThis is a crime show where at the end you‚Äôre not reminded of how miserable things are in the world right now‚Ä¶You feel sat‚Ä¶,-0.7717,0.0,0.226,0.774
163,Sat Jan 06 00:37:55 +0000 2018,64,CBS,"RT @startrekcbs: Star Trek has touched the lives of generations of fans, including the cast and writers of #StarTrekDiscovery. What's your‚Ä¶",0.0,0.0,0.0,1.0
164,Sat Jan 06 00:30:53 +0000 2018,65,CBS,#StrangeAngel has found its leading man! Jack Reynor will star as famed rocket engineer Jack Parsons in the upcomin‚Ä¶ https://t.co/sHkSKABGfd,0.0,0.0,0.0,1.0
165,Fri Jan 05 18:30:42 +0000 2018,66,CBS,"The streak of new episodes continues! Watch new episodes of #MacGyver, #H50 &amp; #BlueBloods tonight starting at 8/7c.‚Ä¶ https://t.co/xs2vbVqBJZ",0.0,0.0,0.0,1.0
166,Fri Jan 05 16:05:58 +0000 2018,67,CBS,"RT @CBSTweet: #CBSRatingsNews: CBS Sweeps Fourth Quarter Ratings in Daytime, Primetime and Late Night for the First Time Since 2009 https:/‚Ä¶",0.0,0.0,0.0,1.0
167,Thu Jan 04 23:13:02 +0000 2018,68,CBS,"New year, new episodes! Don't miss all-new episodes of @BigBangTheory, @YoungSheldon, @MomCBS, @LifeInPiecesCBS, an‚Ä¶ https://t.co/COf6Qg8Mz1",0.1867,0.11,0.0,0.89
168,Thu Jan 04 14:43:09 +0000 2018,69,CBS,"Current nominees @LadyGaga, @LittleBigTown, @Pink, Childish Gambino and more will perform live at the #GRAMMYs, Jan‚Ä¶ https://t.co/PlLMasNPwD",-0.296,0.0,0.121,0.879
169,Wed Jan 03 20:33:09 +0000 2018,70,CBS,"RT @startrekcbs: From Airiam to Zefram Cochrane, #StarTrekDiscovery features fascinating new concepts along with classic references. What's‚Ä¶",0.5423,0.179,0.0,0.821
170,Wed Jan 03 19:51:15 +0000 2018,71,CBS,Torres and Bishop went undercover as a criminal couple on the latest episode of #NCIS. Catch up now:‚Ä¶ https://t.co/1iTEneHyJS,-0.5267,0.0,0.167,0.833
171,Wed Jan 03 15:00:05 +0000 2018,72,CBS,Do you know all the nominees for Artist Of The Year? Get familiar with this year's GRAMMY¬Æ Award nominees ahead of‚Ä¶ https://t.co/UQa8Mu9PUV,0.5423,0.143,0.0,0.857
172,Wed Jan 03 12:00:01 +0000 2018,73,CBS,"The new year of new episodes continues tonight with all-new episodes of #AmazingRace, #SEALTeam and #CriminalMinds‚Ä¶ https://t.co/bwhNhQgsFC",0.0,0.0,0.0,1.0
173,Wed Jan 03 00:47:26 +0000 2018,74,CBS,"RT @BullCBS: Tonight, can #Bull prove that a teen accused of robbing a jewelry store isn't responsible for the crime? Tune in at 9/8c or st‚Ä¶",-0.7692,0.0,0.267,0.733
174,Tue Jan 02 22:41:51 +0000 2018,75,CBS,It's your last chance to choose the pro football player with the best off-the-field talent! Vote now to decide who‚Ä¶ https://t.co/6DjwqU0MB9,0.8516,0.34,0.0,0.66
175,Tue Jan 02 08:00:03 +0000 2018,76,CBS,"New year, new episodes -- all week long! It kicks off with an all-new #NCIS, #Bull and #NCISNOLA tonight starting a‚Ä¶ https://t.co/bcmAaUQJtf",0.0,0.0,0.0,1.0
176,Mon Jan 01 01:16:12 +0000 2018,77,CBS,"Due to #NFL football games overrun, revised start times &amp; lineup for Eastern/Central Time Zones Only:
#60Minutes 8:‚Ä¶ https://t.co/rqOYbM5j0h",0.0,0.0,0.0,1.0
177,Sun Dec 31 14:37:05 +0000 2017,78,CBS,Get ready for football! Stream NFL on CBS today with #CBSAllAccess. Try 1 month FREE with promo code BINGE (not ava‚Ä¶ https://t.co/NEntvW7QHd,0.7798,0.264,0.0,0.736
178,Sat Dec 30 20:25:20 +0000 2017,79,CBS,"RT @NoActivityCBS: All season nothing's happened. Now prepare for activity. Stream the #NoActivity season finale Sunday, Dec 31 on CBS All‚Ä¶",0.0,0.0,0.0,1.0
179,Sat Dec 30 20:24:58 +0000 2017,80,CBS,RT @startrekcbs: Find out what happens when you boldly go too far. #StarTrekDiscovery continues January 7 on CBS All Access: https://t.co/f‚Ä¶,0.3612,0.116,0.0,0.884
180,Sat Jan 06 20:05:17 +0000 2018,81,CBS,"RT @debrabirnbaum: .@ShawnRyanTV: To me, being on CBS is the opposite of preaching to the choir. #TCA18",0.0,0.0,0.0,1.0
181,Sat Jan 06 19:04:08 +0000 2018,82,CBS,RT @LivinBiblically: ‚ÄúThe truth is it somehow gorgeously straddles both sides...I have had friends come from all different walks of life an‚Ä¶,0.8271,0.314,0.0,0.686
182,Sat Jan 06 19:03:38 +0000 2018,83,CBS,RT @instinctcbs: ‚ÄúThis is a crime show where at the end you‚Äôre not reminded of how miserable things are in the world right now‚Ä¶You feel sat‚Ä¶,-0.7717,0.0,0.226,0.774
183,Sat Jan 06 00:37:55 +0000 2018,84,CBS,"RT @startrekcbs: Star Trek has touched the lives of generations of fans, including the cast and writers of #StarTrekDiscovery. What's your‚Ä¶",0.0,0.0,0.0,1.0
184,Sat Jan 06 00:30:53 +0000 2018,85,CBS,#StrangeAngel has found its leading man! Jack Reynor will star as famed rocket engineer Jack Parsons in the upcomin‚Ä¶ https://t.co/sHkSKABGfd,0.0,0.0,0.0,1.0
185,Fri Jan 05 18:30:42 +0000 2018,86,CBS,"The streak of new episodes continues! Watch new episodes of #MacGyver, #H50 &amp; #BlueBloods tonight starting at 8/7c.‚Ä¶ https://t.co/xs2vbVqBJZ",0.0,0.0,0.0,1.0
186,Fri Jan 05 16:05:58 +0000 2018,87,CBS,"RT @CBSTweet: #CBSRatingsNews: CBS Sweeps Fourth Quarter Ratings in Daytime, Primetime and Late Night for the First Time Since 2009 https:/‚Ä¶",0.0,0.0,0.0,1.0
187,Thu Jan 04 23:13:02 +0000 2018,88,CBS,"New year, new episodes! Don't miss all-new episodes of @BigBangTheory, @YoungSheldon, @MomCBS, @LifeInPiecesCBS, an‚Ä¶ https://t.co/COf6Qg8Mz1",0.1867,0.11,0.0,0.89
188,Thu Jan 04 14:43:09 +0000 2018,89,CBS,"Current nominees @LadyGaga, @LittleBigTown, @Pink, Childish Gambino and more will perform live at the #GRAMMYs, Jan‚Ä¶ https://t.co/PlLMasNPwD",-0.296,0.0,0.121,0.879
189,Wed Jan 03 20:33:09 +0000 2018,90,CBS,"RT @startrekcbs: From Airiam to Zefram Cochrane, #StarTrekDiscovery features fascinating new concepts along with classic references. What's‚Ä¶",0.5423,0.179,0.0,0.821
190,Wed Jan 03 19:51:15 +0000 2018,91,CBS,Torres and Bishop went undercover as a criminal couple on the latest episode of #NCIS. Catch up now:‚Ä¶ https://t.co/1iTEneHyJS,-0.5267,0.0,0.167,0.833
191,Wed Jan 03 15:00:05 +0000 2018,92,CBS,Do you know all the nominees for Artist Of The Year? Get familiar with this year's GRAMMY¬Æ Award nominees ahead of‚Ä¶ https://t.co/UQa8Mu9PUV,0.5423,0.143,0.0,0.857
192,Wed Jan 03 12:00:01 +0000 2018,93,CBS,"The new year of new episodes continues tonight with all-new episodes of #AmazingRace, #SEALTeam and #CriminalMinds‚Ä¶ https://t.co/bwhNhQgsFC",0.0,0.0,0.0,1.0
193,Wed Jan 03 00:47:26 +0000 2018,94,CBS,"RT @BullCBS: Tonight, can #Bull prove that a teen accused of robbing a jewelry store isn't responsible for the crime? Tune in at 9/8c or st‚Ä¶",-0.7692,0.0,0.267,0.733
194,Tue Jan 02 22:41:51 +0000 2018,95,CBS,It's your last chance to choose the pro football player with the best off-the-field talent! Vote now to decide who‚Ä¶ https://t.co/6DjwqU0MB9,0.8516,0.34,0.0,0.66
195,Tue Jan 02 08:00:03 +0000 2018,96,CBS,"New year, new episodes -- all week long! It kicks off with an all-new #NCIS, #Bull and #NCISNOLA tonight starting a‚Ä¶ https://t.co/bcmAaUQJtf",0.0,0.0,0.0,1.0
196,Mon Jan 01 01:16:12 +0000 2018,97,CBS,"Due to #NFL football games overrun, revised start times &amp; lineup for Eastern/Central Time Zones Only:
#60Minutes 8:‚Ä¶ https://t.co/rqOYbM5j0h",0.0,0.0,0.0,1.0
197,Sun Dec 31 14:37:05 +0000 2017,98,CBS,Get ready for football! Stream NFL on CBS today with #CBSAllAccess. Try 1 month FREE with promo code BINGE (not ava‚Ä¶ https://t.co/NEntvW7QHd,0.7798,0.264,0.0,0.736
198,Sat Dec 30 20:25:20 +0000 2017,99,CBS,"RT @NoActivityCBS: All season nothing's happened. Now prepare for activity. Stream the #NoActivity season finale Sunday, Dec 31 on CBS All‚Ä¶",0.0,0.0,0.0,1.0
199,Sat Dec 30 20:24:58 +0000 2017,100,CBS,RT @startrekcbs: Find out what happens when you boldly go too far. #StarTrekDiscovery continues January 7 on CBS All Access: https://t.co/f‚Ä¶,0.3612,0.116,0.0,0.884
200,Sun Jan 07 05:00:20 +0000 2018,1,CNN,"A group of more than 1,000 women in entertainment, including Reese Witherspoon, Shonda Rhimes and Meryl Streep, hav‚Ä¶ https://t.co/HP7XjfiEqi",0.4215,0.141,0.0,0.859
201,Sun Jan 07 04:32:43 +0000 2018,2,CNN,"It takes 300 people, 12,000 parts and a year to make a single Steinway &amp; Sons piano. Here‚Äôs how the pianos are made‚Ä¶ https://t.co/F9wPh0n4wl",0.0,0.0,0.0,1.0
202,Sun Jan 07 04:00:19 +0000 2018,3,CNN,President Trump is expected to attend the college football national championship https://t.co/FcbSkjDIPR https://t.co/d9X99hW2IB,0.4404,0.195,0.0,0.805
203,Sun Jan 07 03:31:09 +0000 2018,4,CNN,Ripple's recent price spike has made it the second most valuable cryptocurrency after bitcoin. Here's how it works‚Ä¶ https://t.co/iap2wkrr8d,0.5256,0.159,0.0,0.841
204,Sun Jan 07 03:00:21 +0000 2018,5,CNN,"Democratic mega-donor and billionaire environmentalist Tom Steyer has purchased a copy of ""Fire and Fury"" for every‚Ä¶ https://t.co/WuZurYb7fs",-0.7269,0.0,0.289,0.711
205,Sun Jan 07 02:32:08 +0000 2018,6,CNN,This is what subzero temperature looks like https://t.co/BT8H3eMVq8 https://t.co/F0Mm0KY4DN,0.3612,0.238,0.0,0.762
206,Sun Jan 07 02:00:23 +0000 2018,7,CNN,"Former White House chief strategist Steve Bannon was going to attack ""Fire and Fury"" author Michael Wolff over quot‚Ä¶ https://t.co/6CfJROgVYy",-0.8481,0.0,0.351,0.649
207,Sun Jan 07 01:30:20 +0000 2018,8,CNN,Taco Bell is planning to roll out $1 nacho fries ‚Äî¬†with a side of cheese sauce https://t.co/0aketnp0VB https://t.co/7xfnNYoyL2,0.0,0.0,0.0,1.0
208,Sun Jan 07 01:01:10 +0000 2018,9,CNN,Part of the Nashville skyline disappears as the former Centennial Tower and LifeWay building falls in a scheduled i‚Ä¶ https://t.co/DgOnxzSkZw,-0.34,0.0,0.118,0.882
209,Sun Jan 07 00:31:05 +0000 2018,10,CNN,This is why we just can't quit Hillary Clinton https://t.co/NZ0o4xutSR (via @CNNOpinion) https://t.co/UrI8LlNCNS,0.0,0.0,0.0,1.0
210,Sun Jan 07 00:00:12 +0000 2018,11,CNN,More White House officials were involved in an effort to pressure Attorney General Jeff Sessions to not recuse hims‚Ä¶ https://t.co/MtxjFAQ0Ae,-0.296,0.0,0.104,0.896
211,Sat Jan 06 23:30:25 +0000 2018,12,CNN,"Eating fish improves kids' IQ scores and sleep, a new study says https://t.co/8iB0etPZON https://t.co/nBUp2rXM6K",0.4215,0.189,0.0,0.811
212,Sat Jan 06 23:00:06 +0000 2018,13,CNN,Ex-astronaut John Young has died at age 87. He walked on the moon and commanded the first space shuttle flight.‚Ä¶ https://t.co/OYAKxSLNnx,-0.5574,0.0,0.153,0.847
213,Sat Jan 06 22:45:04 +0000 2018,14,CNN,Should Democrats shake President Trump's hand and make this deal? https://t.co/O7Gv0CGthy (via @CNNOpinion) https://t.co/QtUP7mHJZ2,0.3612,0.189,0.101,0.71
214,Sat Jan 06 22:30:15 +0000 2018,15,CNN,Judge allows lawsuit against CBS by brother of JonBen√©t Ramsey to proceed https://t.co/5WW0Y8iYYC https://t.co/bzlx9IbKhd,-0.2263,0.0,0.128,0.872
215,Sat Jan 06 22:17:22 +0000 2018,16,CNN,Former Republican congressman Ron Paul blasts Attorney General Jeff Sessions' decision to rescind the Obama-era pol‚Ä¶ https://t.co/sQeKBD9sS3,0.0,0.0,0.0,1.0
216,Sat Jan 06 22:00:11 +0000 2018,17,CNN,"Tech executive raises $100,000 for Roy Moore accuser after a fire destroyed her home this week‚Ä¶ https://t.co/X2bOSMJHez",-0.6808,0.0,0.286,0.714
217,Sat Jan 06 21:45:06 +0000 2018,18,CNN,A perennial southern powerhouse playing another perennial southern powerhouse in a stadium that looks like a cavern‚Ä¶ https://t.co/dB9vHbth9h,0.5106,0.249,0.0,0.751
218,Sat Jan 06 21:30:06 +0000 2018,19,CNN,President Trump defends his sanity amid questions about his mental state https://t.co/uXcq1rnZA7 https://t.co/TDZruiLoNn,0.0,0.0,0.0,1.0
219,Sat Jan 06 21:15:08 +0000 2018,20,CNN,These are 6 tech trends to watch at this year's International Consumer Electronics Show https://t.co/L1ikeGeajG https://t.co/kdax92hIKU,0.0,0.0,0.0,1.0
220,Sun Jan 07 05:00:20 +0000 2018,21,CNN,"A group of more than 1,000 women in entertainment, including Reese Witherspoon, Shonda Rhimes and Meryl Streep, hav‚Ä¶ https://t.co/HP7XjfiEqi",0.4215,0.141,0.0,0.859
221,Sun Jan 07 04:32:43 +0000 2018,22,CNN,"It takes 300 people, 12,000 parts and a year to make a single Steinway &amp; Sons piano. Here‚Äôs how the pianos are made‚Ä¶ https://t.co/F9wPh0n4wl",0.0,0.0,0.0,1.0
222,Sun Jan 07 04:00:19 +0000 2018,23,CNN,President Trump is expected to attend the college football national championship https://t.co/FcbSkjDIPR https://t.co/d9X99hW2IB,0.4404,0.195,0.0,0.805
223,Sun Jan 07 03:31:09 +0000 2018,24,CNN,Ripple's recent price spike has made it the second most valuable cryptocurrency after bitcoin. Here's how it works‚Ä¶ https://t.co/iap2wkrr8d,0.5256,0.159,0.0,0.841
224,Sun Jan 07 03:00:21 +0000 2018,25,CNN,"Democratic mega-donor and billionaire environmentalist Tom Steyer has purchased a copy of ""Fire and Fury"" for every‚Ä¶ https://t.co/WuZurYb7fs",-0.7269,0.0,0.289,0.711
225,Sun Jan 07 02:32:08 +0000 2018,26,CNN,This is what subzero temperature looks like https://t.co/BT8H3eMVq8 https://t.co/F0Mm0KY4DN,0.3612,0.238,0.0,0.762
226,Sun Jan 07 02:00:23 +0000 2018,27,CNN,"Former White House chief strategist Steve Bannon was going to attack ""Fire and Fury"" author Michael Wolff over quot‚Ä¶ https://t.co/6CfJROgVYy",-0.8481,0.0,0.351,0.649
227,Sun Jan 07 01:30:20 +0000 2018,28,CNN,Taco Bell is planning to roll out $1 nacho fries ‚Äî¬†with a side of cheese sauce https://t.co/0aketnp0VB https://t.co/7xfnNYoyL2,0.0,0.0,0.0,1.0
228,Sun Jan 07 01:01:10 +0000 2018,29,CNN,Part of the Nashville skyline disappears as the former Centennial Tower and LifeWay building falls in a scheduled i‚Ä¶ https://t.co/DgOnxzSkZw,-0.34,0.0,0.118,0.882
229,Sun Jan 07 00:31:05 +0000 2018,30,CNN,This is why we just can't quit Hillary Clinton https://t.co/NZ0o4xutSR (via @CNNOpinion) https://t.co/UrI8LlNCNS,0.0,0.0,0.0,1.0
230,Sun Jan 07 00:00:12 +0000 2018,31,CNN,More White House officials were involved in an effort to pressure Attorney General Jeff Sessions to not recuse hims‚Ä¶ https://t.co/MtxjFAQ0Ae,-0.296,0.0,0.104,0.896
231,Sat Jan 06 23:30:25 +0000 2018,32,CNN,"Eating fish improves kids' IQ scores and sleep, a new study says https://t.co/8iB0etPZON https://t.co/nBUp2rXM6K",0.4215,0.189,0.0,0.811
232,Sat Jan 06 23:00:06 +0000 2018,33,CNN,Ex-astronaut John Young has died at age 87. He walked on the moon and commanded the first space shuttle flight.‚Ä¶ https://t.co/OYAKxSLNnx,-0.5574,0.0,0.153,0.847
233,Sat Jan 06 22:45:04 +0000 2018,34,CNN,Should Democrats shake President Trump's hand and make this deal? https://t.co/O7Gv0CGthy (via @CNNOpinion) https://t.co/QtUP7mHJZ2,0.3612,0.189,0.101,0.71
234,Sat Jan 06 22:30:15 +0000 2018,35,CNN,Judge allows lawsuit against CBS by brother of JonBen√©t Ramsey to proceed https://t.co/5WW0Y8iYYC https://t.co/bzlx9IbKhd,-0.2263,0.0,0.128,0.872
235,Sat Jan 06 22:17:22 +0000 2018,36,CNN,Former Republican congressman Ron Paul blasts Attorney General Jeff Sessions' decision to rescind the Obama-era pol‚Ä¶ https://t.co/sQeKBD9sS3,0.0,0.0,0.0,1.0
236,Sat Jan 06 22:00:11 +0000 2018,37,CNN,"Tech executive raises $100,000 for Roy Moore accuser after a fire destroyed her home this week‚Ä¶ https://t.co/X2bOSMJHez",-0.6808,0.0,0.286,0.714
237,Sat Jan 06 21:45:06 +0000 2018,38,CNN,A perennial southern powerhouse playing another perennial southern powerhouse in a stadium that looks like a cavern‚Ä¶ https://t.co/dB9vHbth9h,0.5106,0.249,0.0,0.751
238,Sat Jan 06 21:30:06 +0000 2018,39,CNN,President Trump defends his sanity amid questions about his mental state https://t.co/uXcq1rnZA7 https://t.co/TDZruiLoNn,0.0,0.0,0.0,1.0
239,Sat Jan 06 21:15:08 +0000 2018,40,CNN,These are 6 tech trends to watch at this year's International Consumer Electronics Show https://t.co/L1ikeGeajG https://t.co/kdax92hIKU,0.0,0.0,0.0,1.0
240,Sun Jan 07 05:00:20 +0000 2018,41,CNN,"A group of more than 1,000 women in entertainment, including Reese Witherspoon, Shonda Rhimes and Meryl Streep, hav‚Ä¶ https://t.co/HP7XjfiEqi",0.4215,0.141,0.0,0.859
241,Sun Jan 07 04:32:43 +0000 2018,42,CNN,"It takes 300 people, 12,000 parts and a year to make a single Steinway &amp; Sons piano. Here‚Äôs how the pianos are made‚Ä¶ https://t.co/F9wPh0n4wl",0.0,0.0,0.0,1.0
242,Sun Jan 07 04:00:19 +0000 2018,43,CNN,President Trump is expected to attend the college football national championship https://t.co/FcbSkjDIPR https://t.co/d9X99hW2IB,0.4404,0.195,0.0,0.805
243,Sun Jan 07 03:31:09 +0000 2018,44,CNN,Ripple's recent price spike has made it the second most valuable cryptocurrency after bitcoin. Here's how it works‚Ä¶ https://t.co/iap2wkrr8d,0.5256,0.159,0.0,0.841
244,Sun Jan 07 03:00:21 +0000 2018,45,CNN,"Democratic mega-donor and billionaire environmentalist Tom Steyer has purchased a copy of ""Fire and Fury"" for every‚Ä¶ https://t.co/WuZurYb7fs",-0.7269,0.0,0.289,0.711
245,Sun Jan 07 02:32:08 +0000 2018,46,CNN,This is what subzero temperature looks like https://t.co/BT8H3eMVq8 https://t.co/F0Mm0KY4DN,0.3612,0.238,0.0,0.762
246,Sun Jan 07 02:00:23 +0000 2018,47,CNN,"Former White House chief strategist Steve Bannon was going to attack ""Fire and Fury"" author Michael Wolff over quot‚Ä¶ https://t.co/6CfJROgVYy",-0.8481,0.0,0.351,0.649
247,Sun Jan 07 01:30:20 +0000 2018,48,CNN,Taco Bell is planning to roll out $1 nacho fries ‚Äî¬†with a side of cheese sauce https://t.co/0aketnp0VB https://t.co/7xfnNYoyL2,0.0,0.0,0.0,1.0
248,Sun Jan 07 01:01:10 +0000 2018,49,CNN,Part of the Nashville skyline disappears as the former Centennial Tower and LifeWay building falls in a scheduled i‚Ä¶ https://t.co/DgOnxzSkZw,-0.34,0.0,0.118,0.882
249,Sun Jan 07 00:31:05 +0000 2018,50,CNN,This is why we just can't quit Hillary Clinton https://t.co/NZ0o4xutSR (via @CNNOpinion) https://t.co/UrI8LlNCNS,0.0,0.0,0.0,1.0
250,Sun Jan 07 00:00:12 +0000 2018,51,CNN,More White House officials were involved in an effort to pressure Attorney General Jeff Sessions to not recuse hims‚Ä¶ https://t.co/MtxjFAQ0Ae,-0.296,0.0,0.104,0.896
251,Sat Jan 06 23:30:25 +0000 2018,52,CNN,"Eating fish improves kids' IQ scores and sleep, a new study says https://t.co/8iB0etPZON https://t.co/nBUp2rXM6K",0.4215,0.189,0.0,0.811
252,Sat Jan 06 23:00:06 +0000 2018,53,CNN,Ex-astronaut John Young has died at age 87. He walked on the moon and commanded the first space shuttle flight.‚Ä¶ https://t.co/OYAKxSLNnx,-0.5574,0.0,0.153,0.847
253,Sat Jan 06 22:45:04 +0000 2018,54,CNN,Should Democrats shake President Trump's hand and make this deal? https://t.co/O7Gv0CGthy (via @CNNOpinion) https://t.co/QtUP7mHJZ2,0.3612,0.189,0.101,0.71
254,Sat Jan 06 22:30:15 +0000 2018,55,CNN,Judge allows lawsuit against CBS by brother of JonBen√©t Ramsey to proceed https://t.co/5WW0Y8iYYC https://t.co/bzlx9IbKhd,-0.2263,0.0,0.128,0.872
255,Sat Jan 06 22:17:22 +0000 2018,56,CNN,Former Republican congressman Ron Paul blasts Attorney General Jeff Sessions' decision to rescind the Obama-era pol‚Ä¶ https://t.co/sQeKBD9sS3,0.0,0.0,0.0,1.0
256,Sat Jan 06 22:00:11 +0000 2018,57,CNN,"Tech executive raises $100,000 for Roy Moore accuser after a fire destroyed her home this week‚Ä¶ https://t.co/X2bOSMJHez",-0.6808,0.0,0.286,0.714
257,Sat Jan 06 21:45:06 +0000 2018,58,CNN,A perennial southern powerhouse playing another perennial southern powerhouse in a stadium that looks like a cavern‚Ä¶ https://t.co/dB9vHbth9h,0.5106,0.249,0.0,0.751
258,Sat Jan 06 21:30:06 +0000 2018,59,CNN,President Trump defends his sanity amid questions about his mental state https://t.co/uXcq1rnZA7 https://t.co/TDZruiLoNn,0.0,0.0,0.0,1.0
259,Sat Jan 06 21:15:08 +0000 2018,60,CNN,These are 6 tech trends to watch at this year's International Consumer Electronics Show https://t.co/L1ikeGeajG https://t.co/kdax92hIKU,0.0,0.0,0.0,1.0
260,Sun Jan 07 05:00:20 +0000 2018,61,CNN,"A group of more than 1,000 women in entertainment, including Reese Witherspoon, Shonda Rhimes and Meryl Streep, hav‚Ä¶ https://t.co/HP7XjfiEqi",0.4215,0.141,0.0,0.859
261,Sun Jan 07 04:32:43 +0000 2018,62,CNN,"It takes 300 people, 12,000 parts and a year to make a single Steinway &amp; Sons piano. Here‚Äôs how the pianos are made‚Ä¶ https://t.co/F9wPh0n4wl",0.0,0.0,0.0,1.0
262,Sun Jan 07 04:00:19 +0000 2018,63,CNN,President Trump is expected to attend the college football national championship https://t.co/FcbSkjDIPR https://t.co/d9X99hW2IB,0.4404,0.195,0.0,0.805
263,Sun Jan 07 03:31:09 +0000 2018,64,CNN,Ripple's recent price spike has made it the second most valuable cryptocurrency after bitcoin. Here's how it works‚Ä¶ https://t.co/iap2wkrr8d,0.5256,0.159,0.0,0.841
264,Sun Jan 07 03:00:21 +0000 2018,65,CNN,"Democratic mega-donor and billionaire environmentalist Tom Steyer has purchased a copy of ""Fire and Fury"" for every‚Ä¶ https://t.co/WuZurYb7fs",-0.7269,0.0,0.289,0.711
265,Sun Jan 07 02:32:08 +0000 2018,66,CNN,This is what subzero temperature looks like https://t.co/BT8H3eMVq8 https://t.co/F0Mm0KY4DN,0.3612,0.238,0.0,0.762
266,Sun Jan 07 02:00:23 +0000 2018,67,CNN,"Former White House chief strategist Steve Bannon was going to attack ""Fire and Fury"" author Michael Wolff over quot‚Ä¶ https://t.co/6CfJROgVYy",-0.8481,0.0,0.351,0.649
267,Sun Jan 07 01:30:20 +0000 2018,68,CNN,Taco Bell is planning to roll out $1 nacho fries ‚Äî¬†with a side of cheese sauce https://t.co/0aketnp0VB https://t.co/7xfnNYoyL2,0.0,0.0,0.0,1.0
268,Sun Jan 07 01:01:10 +0000 2018,69,CNN,Part of the Nashville skyline disappears as the former Centennial Tower and LifeWay building falls in a scheduled i‚Ä¶ https://t.co/DgOnxzSkZw,-0.34,0.0,0.118,0.882
269,Sun Jan 07 00:31:05 +0000 2018,70,CNN,This is why we just can't quit Hillary Clinton https://t.co/NZ0o4xutSR (via @CNNOpinion) https://t.co/UrI8LlNCNS,0.0,0.0,0.0,1.0
270,Sun Jan 07 00:00:12 +0000 2018,71,CNN,More White House officials were involved in an effort to pressure Attorney General Jeff Sessions to not recuse hims‚Ä¶ https://t.co/MtxjFAQ0Ae,-0.296,0.0,0.104,0.896
271,Sat Jan 06 23:30:25 +0000 2018,72,CNN,"Eating fish improves kids' IQ scores and sleep, a new study says https://t.co/8iB0etPZON https://t.co/nBUp2rXM6K",0.4215,0.189,0.0,0.811
272,Sat Jan 06 23:00:06 +0000 2018,73,CNN,Ex-astronaut John Young has died at age 87. He walked on the moon and commanded the first space shuttle flight.‚Ä¶ https://t.co/OYAKxSLNnx,-0.5574,0.0,0.153,0.847
273,Sat Jan 06 22:45:04 +0000 2018,74,CNN,Should Democrats shake President Trump's hand and make this deal? https://t.co/O7Gv0CGthy (via @CNNOpinion) https://t.co/QtUP7mHJZ2,0.3612,0.189,0.101,0.71
274,Sat Jan 06 22:30:15 +0000 2018,75,CNN,Judge allows lawsuit against CBS by brother of JonBen√©t Ramsey to proceed https://t.co/5WW0Y8iYYC https://t.co/bzlx9IbKhd,-0.2263,0.0,0.128,0.872
275,Sat Jan 06 22:17:22 +0000 2018,76,CNN,Former Republican congressman Ron Paul blasts Attorney General Jeff Sessions' decision to rescind the Obama-era pol‚Ä¶ https://t.co/sQeKBD9sS3,0.0,0.0,0.0,1.0
276,Sat Jan 06 22:00:11 +0000 2018,77,CNN,"Tech executive raises $100,000 for Roy Moore accuser after a fire destroyed her home this week‚Ä¶ https://t.co/X2bOSMJHez",-0.6808,0.0,0.286,0.714
277,Sat Jan 06 21:45:06 +0000 2018,78,CNN,A perennial southern powerhouse playing another perennial southern powerhouse in a stadium that looks like a cavern‚Ä¶ https://t.co/dB9vHbth9h,0.5106,0.249,0.0,0.751
278,Sat Jan 06 21:30:06 +0000 2018,79,CNN,President Trump defends his sanity amid questions about his mental state https://t.co/uXcq1rnZA7 https://t.co/TDZruiLoNn,0.0,0.0,0.0,1.0
279,Sat Jan 06 21:15:08 +0000 2018,80,CNN,These are 6 tech trends to watch at this year's International Consumer Electronics Show https://t.co/L1ikeGeajG https://t.co/kdax92hIKU,0.0,0.0,0.0,1.0
280,Sun Jan 07 05:00:20 +0000 2018,81,CNN,"A group of more than 1,000 women in entertainment, including Reese Witherspoon, Shonda Rhimes and Meryl Streep, hav‚Ä¶ https://t.co/HP7XjfiEqi",0.4215,0.141,0.0,0.859
281,Sun Jan 07 04:32:43 +0000 2018,82,CNN,"It takes 300 people, 12,000 parts and a year to make a single Steinway &amp; Sons piano. Here‚Äôs how the pianos are made‚Ä¶ https://t.co/F9wPh0n4wl",0.0,0.0,0.0,1.0
282,Sun Jan 07 04:00:19 +0000 2018,83,CNN,President Trump is expected to attend the college football national championship https://t.co/FcbSkjDIPR https://t.co/d9X99hW2IB,0.4404,0.195,0.0,0.805
283,Sun Jan 07 03:31:09 +0000 2018,84,CNN,Ripple's recent price spike has made it the second most valuable cryptocurrency after bitcoin. Here's how it works‚Ä¶ https://t.co/iap2wkrr8d,0.5256,0.159,0.0,0.841
284,Sun Jan 07 03:00:21 +0000 2018,85,CNN,"Democratic mega-donor and billionaire environmentalist Tom Steyer has purchased a copy of ""Fire and Fury"" for every‚Ä¶ https://t.co/WuZurYb7fs",-0.7269,0.0,0.289,0.711
285,Sun Jan 07 02:32:08 +0000 2018,86,CNN,This is what subzero temperature looks like https://t.co/BT8H3eMVq8 https://t.co/F0Mm0KY4DN,0.3612,0.238,0.0,0.762
286,Sun Jan 07 02:00:23 +0000 2018,87,CNN,"Former White House chief strategist Steve Bannon was going to attack ""Fire and Fury"" author Michael Wolff over quot‚Ä¶ https://t.co/6CfJROgVYy",-0.8481,0.0,0.351,0.649
287,Sun Jan 07 01:30:20 +0000 2018,88,CNN,Taco Bell is planning to roll out $1 nacho fries ‚Äî¬†with a side of cheese sauce https://t.co/0aketnp0VB https://t.co/7xfnNYoyL2,0.0,0.0,0.0,1.0
288,Sun Jan 07 01:01:10 +0000 2018,89,CNN,Part of the Nashville skyline disappears as the former Centennial Tower and LifeWay building falls in a scheduled i‚Ä¶ https://t.co/DgOnxzSkZw,-0.34,0.0,0.118,0.882
289,Sun Jan 07 00:31:05 +0000 2018,90,CNN,This is why we just can't quit Hillary Clinton https://t.co/NZ0o4xutSR (via @CNNOpinion) https://t.co/UrI8LlNCNS,0.0,0.0,0.0,1.0
290,Sun Jan 07 00:00:12 +0000 2018,91,CNN,More White House officials were involved in an effort to pressure Attorney General Jeff Sessions to not recuse hims‚Ä¶ https://t.co/MtxjFAQ0Ae,-0.296,0.0,0.104,0.896
291,Sat Jan 06 23:30:25 +0000 2018,92,CNN,"Eating fish improves kids' IQ scores and sleep, a new study says https://t.co/8iB0etPZON https://t.co/nBUp2rXM6K",0.4215,0.189,0.0,0.811
292,Sat Jan 06 23:00:06 +0000 2018,93,CNN,Ex-astronaut John Young has died at age 87. He walked on the moon and commanded the first space shuttle flight.‚Ä¶ https://t.co/OYAKxSLNnx,-0.5574,0.0,0.153,0.847
293,Sat Jan 06 22:45:04 +0000 2018,94,CNN,Should Democrats shake President Trump's hand and make this deal? https://t.co/O7Gv0CGthy (via @CNNOpinion) https://t.co/QtUP7mHJZ2,0.3612,0.189,0.101,0.71
294,Sat Jan 06 22:30:15 +0000 2018,95,CNN,Judge allows lawsuit against CBS by brother of JonBen√©t Ramsey to proceed https://t.co/5WW0Y8iYYC https://t.co/bzlx9IbKhd,-0.2263,0.0,0.128,0.872
295,Sat Jan 06 22:17:22 +0000 2018,96,CNN,Former Republican congressman Ron Paul blasts Attorney General Jeff Sessions' decision to rescind the Obama-era pol‚Ä¶ https://t.co/sQeKBD9sS3,0.0,0.0,0.0,1.0
296,Sat Jan 06 22:00:11 +0000 2018,97,CNN,"Tech executive raises $100,000 for Roy Moore accuser after a fire destroyed her home this week‚Ä¶ https://t.co/X2bOSMJHez",-0.6808,0.0,0.286,0.714
297,Sat Jan 06 21:45:06 +0000 2018,98,CNN,A perennial southern powerhouse playing another perennial southern powerhouse in a stadium that looks like a cavern‚Ä¶ https://t.co/dB9vHbth9h,0.5106,0.249,0.0,0.751
298,Sat Jan 06 21:30:06 +0000 2018,99,CNN,President Trump defends his sanity amid questions about his mental state https://t.co/uXcq1rnZA7 https://t.co/TDZruiLoNn,0.0,0.0,0.0,1.0
299,Sat Jan 06 21:15:08 +0000 2018,100,CNN,These are 6 tech trends to watch at this year's International Consumer Electronics Show https://t.co/L1ikeGeajG https://t.co/kdax92hIKU,0.0,0.0,0.0,1.0
300,Sun Jan 07 05:00:03 +0000 2018,1,Fox News,"On ""The Ingraham Angle,"" @michellemalkin said that the focus of immigration policy should be on shoring up our bord‚Ä¶ https://t.co/Mh3idDyGWz",0.0,0.0,0.0,1.0
301,Sun Jan 07 04:48:05 +0000 2018,2,Fox News,"On @foxnewsnight, @robertjeffress gave his take on the controversial Michael Wolff book ""Fire and Fury.""‚Ä¶ https://t.co/jYjX2bjEMe",-0.4939,0.0,0.231,0.769
302,Sun Jan 07 04:45:05 +0000 2018,3,Fox News,".@POTUS: ""There's been no collusion between us and the Russians. Now there has been collusion between‚Ä¶ https://t.co/yima8bbZD1",-0.296,0.0,0.121,0.879
303,Sun Jan 07 04:39:04 +0000 2018,4,Fox News,.@SenWarren made clear she opposes @POTUS's stipulation that a DACA solution will only occur when funding is provid‚Ä¶ https://t.co/3aCGo5J30z,0.5994,0.234,0.0,0.766
304,Sun Jan 07 04:25:02 +0000 2018,5,Fox News,".@POTUS: ""The wall's going to happen or we're not going to have DACA."" https://t.co/jo9DM3thj8 https://t.co/kBdLaCfQNk",0.0,0.0,0.0,1.0
305,Sun Jan 07 04:15:06 +0000 2018,6,Fox News,".@POTUS: ""[Michael Wolff] didn't interview me. It's in his imagination."" https://t.co/tCsh53Hebk https://t.co/fof94OcPw0",0.0,0.0,0.0,1.0
306,Sun Jan 07 04:00:02 +0000 2018,7,Fox News,".@SebGorka: ""One thing I can assure you is that wall will be built."" https://t.co/WKnu6O4gZT",0.34,0.167,0.0,0.833
307,Sun Jan 07 03:55:00 +0000 2018,8,Fox News,Trump backs Sen. Paul's plan to fund infrastructure projects with suspended aid to Pakistan https://t.co/4raLtlQ8IN,-0.5106,0.0,0.249,0.751
308,Sun Jan 07 03:48:02 +0000 2018,9,Fox News,"This morning, President @realDonaldTrump celebrated the economic numbers for African Americans.‚Ä¶ https://t.co/w0ZFeExNKT",0.5719,0.252,0.0,0.748
309,Sun Jan 07 03:42:52 +0000 2018,10,Fox News,'Schumer's From New York': Trump Says Dems Will Help With Immigration Reform After NYC Attacks https://t.co/XOId1yF5G5,-0.0516,0.138,0.148,0.714
310,Sun Jan 07 03:36:06 +0000 2018,11,Fox News,".@AriFleischer on Clinton Foundation probe: ""This investigation is not a sham, it's a leftover. A leftover from the‚Ä¶ https://t.co/W1wZBGzIlF",0.0,0.0,0.0,1.0
311,Sun Jan 07 03:29:11 +0000 2018,12,Fox News,"New Philadelphia DA shakes up office, firing 31 on 4th day in job https://t.co/NxNoRHC054",-0.34,0.0,0.156,0.844
312,Sun Jan 07 03:19:11 +0000 2018,13,Fox News,Oakland Raiders officially announce Jon Gruden hired as head coach https://t.co/bt30S69oMw,0.0,0.0,0.0,1.0
313,Sun Jan 07 03:09:33 +0000 2018,14,Fox News,"Col. David Hunt on Iran protests: ""What we ultimately want is an overthrow of a very powerful regime. I don't think‚Ä¶ https://t.co/4FywYoHVSA",0.3597,0.189,0.082,0.73
314,Sun Jan 07 02:54:41 +0000 2018,15,Fox News,"David Goodfriend on @POTUS and the media: ""The people who voted for President Trump I think recognize that he's the‚Ä¶ https://t.co/fRr8I3mQIj",0.0,0.0,0.0,1.0
315,Sun Jan 07 02:51:28 +0000 2018,16,Fox News,".@SebGorka on new Clinton probe: ""We saw FBI agents destroy Clinton's laptops. That's corruption."" @JudgeJeanine https://t.co/wAVctxoQUB",-0.5423,0.0,0.189,0.811
316,Sun Jan 07 02:47:41 +0000 2018,17,Fox News,".@SebGorka on new Clinton probe: ""This has to be investigated preferably by FBI agents from field offices that have‚Ä¶ https://t.co/lO9m5462IW",0.0,0.0,0.0,1.0
317,Sun Jan 07 02:38:46 +0000 2018,18,Fox News,".@Jim_Jordan on Clinton probe: ""Until this week, we hadn't seen much difference between this attorney general and t‚Ä¶ https://t.co/A4OpogQjxs",0.0,0.0,0.0,1.0
318,Sun Jan 07 02:33:26 +0000 2018,19,Fox News,".@RepMarkMeadows on new Clinton probe: ""If the attorney general is willing to be transparent, we'll applaud him...‚Ä¶ https://t.co/rssE7rBRjb",0.4588,0.15,0.0,0.85
319,Sun Jan 07 02:25:19 +0000 2018,20,Fox News,".@JudgeJeanine: ""And for all those naysayers who say this is nothing more than a deflection from the Mueller invest‚Ä¶ https://t.co/B5onJn0Sr3",0.0,0.0,0.0,1.0
320,Sun Jan 07 05:00:03 +0000 2018,21,Fox News,"On ""The Ingraham Angle,"" @michellemalkin said that the focus of immigration policy should be on shoring up our bord‚Ä¶ https://t.co/Mh3idDyGWz",0.0,0.0,0.0,1.0
321,Sun Jan 07 04:48:05 +0000 2018,22,Fox News,"On @foxnewsnight, @robertjeffress gave his take on the controversial Michael Wolff book ""Fire and Fury.""‚Ä¶ https://t.co/jYjX2bjEMe",-0.4939,0.0,0.231,0.769
322,Sun Jan 07 04:45:05 +0000 2018,23,Fox News,".@POTUS: ""There's been no collusion between us and the Russians. Now there has been collusion between‚Ä¶ https://t.co/yima8bbZD1",-0.296,0.0,0.121,0.879
323,Sun Jan 07 04:39:04 +0000 2018,24,Fox News,.@SenWarren made clear she opposes @POTUS's stipulation that a DACA solution will only occur when funding is provid‚Ä¶ https://t.co/3aCGo5J30z,0.5994,0.234,0.0,0.766
324,Sun Jan 07 04:25:02 +0000 2018,25,Fox News,".@POTUS: ""The wall's going to happen or we're not going to have DACA."" https://t.co/jo9DM3thj8 https://t.co/kBdLaCfQNk",0.0,0.0,0.0,1.0
325,Sun Jan 07 04:15:06 +0000 2018,26,Fox News,".@POTUS: ""[Michael Wolff] didn't interview me. It's in his imagination."" https://t.co/tCsh53Hebk https://t.co/fof94OcPw0",0.0,0.0,0.0,1.0
326,Sun Jan 07 04:00:02 +0000 2018,27,Fox News,".@SebGorka: ""One thing I can assure you is that wall will be built."" https://t.co/WKnu6O4gZT",0.34,0.167,0.0,0.833
327,Sun Jan 07 03:55:00 +0000 2018,28,Fox News,Trump backs Sen. Paul's plan to fund infrastructure projects with suspended aid to Pakistan https://t.co/4raLtlQ8IN,-0.5106,0.0,0.249,0.751
328,Sun Jan 07 03:48:02 +0000 2018,29,Fox News,"This morning, President @realDonaldTrump celebrated the economic numbers for African Americans.‚Ä¶ https://t.co/w0ZFeExNKT",0.5719,0.252,0.0,0.748
329,Sun Jan 07 03:42:52 +0000 2018,30,Fox News,'Schumer's From New York': Trump Says Dems Will Help With Immigration Reform After NYC Attacks https://t.co/XOId1yF5G5,-0.0516,0.138,0.148,0.714
330,Sun Jan 07 03:36:06 +0000 2018,31,Fox News,".@AriFleischer on Clinton Foundation probe: ""This investigation is not a sham, it's a leftover. A leftover from the‚Ä¶ https://t.co/W1wZBGzIlF",0.0,0.0,0.0,1.0
331,Sun Jan 07 03:29:11 +0000 2018,32,Fox News,"New Philadelphia DA shakes up office, firing 31 on 4th day in job https://t.co/NxNoRHC054",-0.34,0.0,0.156,0.844
332,Sun Jan 07 03:19:11 +0000 2018,33,Fox News,Oakland Raiders officially announce Jon Gruden hired as head coach https://t.co/bt30S69oMw,0.0,0.0,0.0,1.0
333,Sun Jan 07 03:09:33 +0000 2018,34,Fox News,"Col. David Hunt on Iran protests: ""What we ultimately want is an overthrow of a very powerful regime. I don't think‚Ä¶ https://t.co/4FywYoHVSA",0.3597,0.189,0.082,0.73
334,Sun Jan 07 02:54:41 +0000 2018,35,Fox News,"David Goodfriend on @POTUS and the media: ""The people who voted for President Trump I think recognize that he's the‚Ä¶ https://t.co/fRr8I3mQIj",0.0,0.0,0.0,1.0
335,Sun Jan 07 02:51:28 +0000 2018,36,Fox News,".@SebGorka on new Clinton probe: ""We saw FBI agents destroy Clinton's laptops. That's corruption."" @JudgeJeanine https://t.co/wAVctxoQUB",-0.5423,0.0,0.189,0.811
336,Sun Jan 07 02:47:41 +0000 2018,37,Fox News,".@SebGorka on new Clinton probe: ""This has to be investigated preferably by FBI agents from field offices that have‚Ä¶ https://t.co/lO9m5462IW",0.0,0.0,0.0,1.0
337,Sun Jan 07 02:38:46 +0000 2018,38,Fox News,".@Jim_Jordan on Clinton probe: ""Until this week, we hadn't seen much difference between this attorney general and t‚Ä¶ https://t.co/A4OpogQjxs",0.0,0.0,0.0,1.0
338,Sun Jan 07 02:33:26 +0000 2018,39,Fox News,".@RepMarkMeadows on new Clinton probe: ""If the attorney general is willing to be transparent, we'll applaud him...‚Ä¶ https://t.co/rssE7rBRjb",0.4588,0.15,0.0,0.85
339,Sun Jan 07 02:25:19 +0000 2018,40,Fox News,".@JudgeJeanine: ""And for all those naysayers who say this is nothing more than a deflection from the Mueller invest‚Ä¶ https://t.co/B5onJn0Sr3",0.0,0.0,0.0,1.0
340,Sun Jan 07 05:00:03 +0000 2018,41,Fox News,"On ""The Ingraham Angle,"" @michellemalkin said that the focus of immigration policy should be on shoring up our bord‚Ä¶ https://t.co/Mh3idDyGWz",0.0,0.0,0.0,1.0
341,Sun Jan 07 04:48:05 +0000 2018,42,Fox News,"On @foxnewsnight, @robertjeffress gave his take on the controversial Michael Wolff book ""Fire and Fury.""‚Ä¶ https://t.co/jYjX2bjEMe",-0.4939,0.0,0.231,0.769
342,Sun Jan 07 04:45:05 +0000 2018,43,Fox News,".@POTUS: ""There's been no collusion between us and the Russians. Now there has been collusion between‚Ä¶ https://t.co/yima8bbZD1",-0.296,0.0,0.121,0.879
343,Sun Jan 07 04:39:04 +0000 2018,44,Fox News,.@SenWarren made clear she opposes @POTUS's stipulation that a DACA solution will only occur when funding is provid‚Ä¶ https://t.co/3aCGo5J30z,0.5994,0.234,0.0,0.766
344,Sun Jan 07 04:25:02 +0000 2018,45,Fox News,".@POTUS: ""The wall's going to happen or we're not going to have DACA."" https://t.co/jo9DM3thj8 https://t.co/kBdLaCfQNk",0.0,0.0,0.0,1.0
345,Sun Jan 07 04:15:06 +0000 2018,46,Fox News,".@POTUS: ""[Michael Wolff] didn't interview me. It's in his imagination."" https://t.co/tCsh53Hebk https://t.co/fof94OcPw0",0.0,0.0,0.0,1.0
346,Sun Jan 07 04:00:02 +0000 2018,47,Fox News,".@SebGorka: ""One thing I can assure you is that wall will be built."" https://t.co/WKnu6O4gZT",0.34,0.167,0.0,0.833
347,Sun Jan 07 03:55:00 +0000 2018,48,Fox News,Trump backs Sen. Paul's plan to fund infrastructure projects with suspended aid to Pakistan https://t.co/4raLtlQ8IN,-0.5106,0.0,0.249,0.751
348,Sun Jan 07 03:48:02 +0000 2018,49,Fox News,"This morning, President @realDonaldTrump celebrated the economic numbers for African Americans.‚Ä¶ https://t.co/w0ZFeExNKT",0.5719,0.252,0.0,0.748
349,Sun Jan 07 03:42:52 +0000 2018,50,Fox News,'Schumer's From New York': Trump Says Dems Will Help With Immigration Reform After NYC Attacks https://t.co/XOId1yF5G5,-0.0516,0.138,0.148,0.714
350,Sun Jan 07 03:36:06 +0000 2018,51,Fox News,".@AriFleischer on Clinton Foundation probe: ""This investigation is not a sham, it's a leftover. A leftover from the‚Ä¶ https://t.co/W1wZBGzIlF",0.0,0.0,0.0,1.0
351,Sun Jan 07 03:29:11 +0000 2018,52,Fox News,"New Philadelphia DA shakes up office, firing 31 on 4th day in job https://t.co/NxNoRHC054",-0.34,0.0,0.156,0.844
352,Sun Jan 07 03:19:11 +0000 2018,53,Fox News,Oakland Raiders officially announce Jon Gruden hired as head coach https://t.co/bt30S69oMw,0.0,0.0,0.0,1.0
353,Sun Jan 07 03:09:33 +0000 2018,54,Fox News,"Col. David Hunt on Iran protests: ""What we ultimately want is an overthrow of a very powerful regime. I don't think‚Ä¶ https://t.co/4FywYoHVSA",0.3597,0.189,0.082,0.73
354,Sun Jan 07 02:54:41 +0000 2018,55,Fox News,"David Goodfriend on @POTUS and the media: ""The people who voted for President Trump I think recognize that he's the‚Ä¶ https://t.co/fRr8I3mQIj",0.0,0.0,0.0,1.0
355,Sun Jan 07 02:51:28 +0000 2018,56,Fox News,".@SebGorka on new Clinton probe: ""We saw FBI agents destroy Clinton's laptops. That's corruption."" @JudgeJeanine https://t.co/wAVctxoQUB",-0.5423,0.0,0.189,0.811
356,Sun Jan 07 02:47:41 +0000 2018,57,Fox News,".@SebGorka on new Clinton probe: ""This has to be investigated preferably by FBI agents from field offices that have‚Ä¶ https://t.co/lO9m5462IW",0.0,0.0,0.0,1.0
357,Sun Jan 07 02:38:46 +0000 2018,58,Fox News,".@Jim_Jordan on Clinton probe: ""Until this week, we hadn't seen much difference between this attorney general and t‚Ä¶ https://t.co/A4OpogQjxs",0.0,0.0,0.0,1.0
358,Sun Jan 07 02:33:26 +0000 2018,59,Fox News,".@RepMarkMeadows on new Clinton probe: ""If the attorney general is willing to be transparent, we'll applaud him...‚Ä¶ https://t.co/rssE7rBRjb",0.4588,0.15,0.0,0.85
359,Sun Jan 07 02:25:19 +0000 2018,60,Fox News,".@JudgeJeanine: ""And for all those naysayers who say this is nothing more than a deflection from the Mueller invest‚Ä¶ https://t.co/B5onJn0Sr3",0.0,0.0,0.0,1.0
360,Sun Jan 07 05:00:03 +0000 2018,61,Fox News,"On ""The Ingraham Angle,"" @michellemalkin said that the focus of immigration policy should be on shoring up our bord‚Ä¶ https://t.co/Mh3idDyGWz",0.0,0.0,0.0,1.0
361,Sun Jan 07 04:48:05 +0000 2018,62,Fox News,"On @foxnewsnight, @robertjeffress gave his take on the controversial Michael Wolff book ""Fire and Fury.""‚Ä¶ https://t.co/jYjX2bjEMe",-0.4939,0.0,0.231,0.769
362,Sun Jan 07 04:45:05 +0000 2018,63,Fox News,".@POTUS: ""There's been no collusion between us and the Russians. Now there has been collusion between‚Ä¶ https://t.co/yima8bbZD1",-0.296,0.0,0.121,0.879
363,Sun Jan 07 04:39:04 +0000 2018,64,Fox News,.@SenWarren made clear she opposes @POTUS's stipulation that a DACA solution will only occur when funding is provid‚Ä¶ https://t.co/3aCGo5J30z,0.5994,0.234,0.0,0.766
364,Sun Jan 07 04:25:02 +0000 2018,65,Fox News,".@POTUS: ""The wall's going to happen or we're not going to have DACA."" https://t.co/jo9DM3thj8 https://t.co/kBdLaCfQNk",0.0,0.0,0.0,1.0
365,Sun Jan 07 04:15:06 +0000 2018,66,Fox News,".@POTUS: ""[Michael Wolff] didn't interview me. It's in his imagination."" https://t.co/tCsh53Hebk https://t.co/fof94OcPw0",0.0,0.0,0.0,1.0
366,Sun Jan 07 04:00:02 +0000 2018,67,Fox News,".@SebGorka: ""One thing I can assure you is that wall will be built."" https://t.co/WKnu6O4gZT",0.34,0.167,0.0,0.833
367,Sun Jan 07 03:55:00 +0000 2018,68,Fox News,Trump backs Sen. Paul's plan to fund infrastructure projects with suspended aid to Pakistan https://t.co/4raLtlQ8IN,-0.5106,0.0,0.249,0.751
368,Sun Jan 07 03:48:02 +0000 2018,69,Fox News,"This morning, President @realDonaldTrump celebrated the economic numbers for African Americans.‚Ä¶ https://t.co/w0ZFeExNKT",0.5719,0.252,0.0,0.748
369,Sun Jan 07 03:42:52 +0000 2018,70,Fox News,'Schumer's From New York': Trump Says Dems Will Help With Immigration Reform After NYC Attacks https://t.co/XOId1yF5G5,-0.0516,0.138,0.148,0.714
370,Sun Jan 07 03:36:06 +0000 2018,71,Fox News,".@AriFleischer on Clinton Foundation probe: ""This investigation is not a sham, it's a leftover. A leftover from the‚Ä¶ https://t.co/W1wZBGzIlF",0.0,0.0,0.0,1.0
371,Sun Jan 07 03:29:11 +0000 2018,72,Fox News,"New Philadelphia DA shakes up office, firing 31 on 4th day in job https://t.co/NxNoRHC054",-0.34,0.0,0.156,0.844
372,Sun Jan 07 03:19:11 +0000 2018,73,Fox News,Oakland Raiders officially announce Jon Gruden hired as head coach https://t.co/bt30S69oMw,0.0,0.0,0.0,1.0
373,Sun Jan 07 03:09:33 +0000 2018,74,Fox News,"Col. David Hunt on Iran protests: ""What we ultimately want is an overthrow of a very powerful regime. I don't think‚Ä¶ https://t.co/4FywYoHVSA",0.3597,0.189,0.082,0.73
374,Sun Jan 07 02:54:41 +0000 2018,75,Fox News,"David Goodfriend on @POTUS and the media: ""The people who voted for President Trump I think recognize that he's the‚Ä¶ https://t.co/fRr8I3mQIj",0.0,0.0,0.0,1.0
375,Sun Jan 07 02:51:28 +0000 2018,76,Fox News,".@SebGorka on new Clinton probe: ""We saw FBI agents destroy Clinton's laptops. That's corruption."" @JudgeJeanine https://t.co/wAVctxoQUB",-0.5423,0.0,0.189,0.811
376,Sun Jan 07 02:47:41 +0000 2018,77,Fox News,".@SebGorka on new Clinton probe: ""This has to be investigated preferably by FBI agents from field offices that have‚Ä¶ https://t.co/lO9m5462IW",0.0,0.0,0.0,1.0
377,Sun Jan 07 02:38:46 +0000 2018,78,Fox News,".@Jim_Jordan on Clinton probe: ""Until this week, we hadn't seen much difference between this attorney general and t‚Ä¶ https://t.co/A4OpogQjxs",0.0,0.0,0.0,1.0
378,Sun Jan 07 02:33:26 +0000 2018,79,Fox News,".@RepMarkMeadows on new Clinton probe: ""If the attorney general is willing to be transparent, we'll applaud him...‚Ä¶ https://t.co/rssE7rBRjb",0.4588,0.15,0.0,0.85
379,Sun Jan 07 02:25:19 +0000 2018,80,Fox News,".@JudgeJeanine: ""And for all those naysayers who say this is nothing more than a deflection from the Mueller invest‚Ä¶ https://t.co/B5onJn0Sr3",0.0,0.0,0.0,1.0
380,Sun Jan 07 05:00:03 +0000 2018,81,Fox News,"On ""The Ingraham Angle,"" @michellemalkin said that the focus of immigration policy should be on shoring up our bord‚Ä¶ https://t.co/Mh3idDyGWz",0.0,0.0,0.0,1.0
381,Sun Jan 07 04:48:05 +0000 2018,82,Fox News,"On @foxnewsnight, @robertjeffress gave his take on the controversial Michael Wolff book ""Fire and Fury.""‚Ä¶ https://t.co/jYjX2bjEMe",-0.4939,0.0,0.231,0.769
382,Sun Jan 07 04:45:05 +0000 2018,83,Fox News,".@POTUS: ""There's been no collusion between us and the Russians. Now there has been collusion between‚Ä¶ https://t.co/yima8bbZD1",-0.296,0.0,0.121,0.879
383,Sun Jan 07 04:39:04 +0000 2018,84,Fox News,.@SenWarren made clear she opposes @POTUS's stipulation that a DACA solution will only occur when funding is provid‚Ä¶ https://t.co/3aCGo5J30z,0.5994,0.234,0.0,0.766
384,Sun Jan 07 04:25:02 +0000 2018,85,Fox News,".@POTUS: ""The wall's going to happen or we're not going to have DACA."" https://t.co/jo9DM3thj8 https://t.co/kBdLaCfQNk",0.0,0.0,0.0,1.0
385,Sun Jan 07 04:15:06 +0000 2018,86,Fox News,".@POTUS: ""[Michael Wolff] didn't interview me. It's in his imagination."" https://t.co/tCsh53Hebk https://t.co/fof94OcPw0",0.0,0.0,0.0,1.0
386,Sun Jan 07 04:00:02 +0000 2018,87,Fox News,".@SebGorka: ""One thing I can assure you is that wall will be built."" https://t.co/WKnu6O4gZT",0.34,0.167,0.0,0.833
387,Sun Jan 07 03:55:00 +0000 2018,88,Fox News,Trump backs Sen. Paul's plan to fund infrastructure projects with suspended aid to Pakistan https://t.co/4raLtlQ8IN,-0.5106,0.0,0.249,0.751
388,Sun Jan 07 03:48:02 +0000 2018,89,Fox News,"This morning, President @realDonaldTrump celebrated the economic numbers for African Americans.‚Ä¶ https://t.co/w0ZFeExNKT",0.5719,0.252,0.0,0.748
389,Sun Jan 07 03:42:52 +0000 2018,90,Fox News,'Schumer's From New York': Trump Says Dems Will Help With Immigration Reform After NYC Attacks https://t.co/XOId1yF5G5,-0.0516,0.138,0.148,0.714
390,Sun Jan 07 03:36:06 +0000 2018,91,Fox News,".@AriFleischer on Clinton Foundation probe: ""This investigation is not a sham, it's a leftover. A leftover from the‚Ä¶ https://t.co/W1wZBGzIlF",0.0,0.0,0.0,1.0
391,Sun Jan 07 03:29:11 +0000 2018,92,Fox News,"New Philadelphia DA shakes up office, firing 31 on 4th day in job https://t.co/NxNoRHC054",-0.34,0.0,0.156,0.844
392,Sun Jan 07 03:19:11 +0000 2018,93,Fox News,Oakland Raiders officially announce Jon Gruden hired as head coach https://t.co/bt30S69oMw,0.0,0.0,0.0,1.0
393,Sun Jan 07 03:09:33 +0000 2018,94,Fox News,"Col. David Hunt on Iran protests: ""What we ultimately want is an overthrow of a very powerful regime. I don't think‚Ä¶ https://t.co/4FywYoHVSA",0.3597,0.189,0.082,0.73
394,Sun Jan 07 02:54:41 +0000 2018,95,Fox News,"David Goodfriend on @POTUS and the media: ""The people who voted for President Trump I think recognize that he's the‚Ä¶ https://t.co/fRr8I3mQIj",0.0,0.0,0.0,1.0
395,Sun Jan 07 02:51:28 +0000 2018,96,Fox News,".@SebGorka on new Clinton probe: ""We saw FBI agents destroy Clinton's laptops. That's corruption."" @JudgeJeanine https://t.co/wAVctxoQUB",-0.5423,0.0,0.189,0.811
396,Sun Jan 07 02:47:41 +0000 2018,97,Fox News,".@SebGorka on new Clinton probe: ""This has to be investigated preferably by FBI agents from field offices that have‚Ä¶ https://t.co/lO9m5462IW",0.0,0.0,0.0,1.0
397,Sun Jan 07 02:38:46 +0000 2018,98,Fox News,".@Jim_Jordan on Clinton probe: ""Until this week, we hadn't seen much difference between this attorney general and t‚Ä¶ https://t.co/A4OpogQjxs",0.0,0.0,0.0,1.0
398,Sun Jan 07 02:33:26 +0000 2018,99,Fox News,".@RepMarkMeadows on new Clinton probe: ""If the attorney general is willing to be transparent, we'll applaud him...‚Ä¶ https://t.co/rssE7rBRjb",0.4588,0.15,0.0,0.85
399,Sun Jan 07 02:25:19 +0000 2018,100,Fox News,".@JudgeJeanine: ""And for all those naysayers who say this is nothing more than a deflection from the Mueller invest‚Ä¶ https://t.co/B5onJn0Sr3",0.0,0.0,0.0,1.0
400,Sun Jan 07 05:06:52 +0000 2018,1,The New York Times,"The question for Masha Gessen, who won the nonfiction award in 2017 from the National Book Foundation, is how susta‚Ä¶ https://t.co/domS8qlKID",0.802,0.275,0.0,0.725
401,Sun Jan 07 04:50:36 +0000 2018,2,The New York Times,9 ways to work better in 2018 https://t.co/M2RvGbot0L,0.4404,0.326,0.0,0.674
402,Sun Jan 07 04:33:47 +0000 2018,3,The New York Times,Does the NFL have a Usain Bolt? Here are the league‚Äôs fastest players. https://t.co/vKexcQ2qoS https://t.co/5lOGsx5gd4,0.0,0.0,0.0,1.0
403,Sun Jan 07 04:16:59 +0000 2018,4,The New York Times,January has arguably become a more important month in the TV calendar than September https://t.co/PyfrYBWmdZ,0.024,0.13,0.124,0.746
404,Sun Jan 07 04:00:24 +0000 2018,5,The New York Times,You may not want to know the answer to this question https://t.co/wxnH3XqEaK,-0.0572,0.0,0.1,0.9
405,Sun Jan 07 03:43:56 +0000 2018,6,The New York Times,The key to this bright soup is the Parmesan-rosemary-lemon topping https://t.co/VubjFDvs9t,0.5228,0.252,0.0,0.748
406,Sun Jan 07 03:27:42 +0000 2018,7,The New York Times,"""I was itching to touch him, to have his hands on me. I wanted to be more desirable than God."" https://t.co/5taKiwWSTh",0.3804,0.12,0.0,0.88
407,Sun Jan 07 03:11:03 +0000 2018,8,The New York Times,Half the people in this Utah county are Native American. But American Indians have never controlled the local gover‚Ä¶ https://t.co/uNBuXbJIpD,0.0,0.0,0.0,1.0
408,Sun Jan 07 02:54:47 +0000 2018,9,The New York Times,Nothing seems to have captured the imagination of people here like the saxophone https://t.co/HqNLAimcRy,0.3612,0.161,0.0,0.839
409,Sun Jan 07 02:34:16 +0000 2018,10,The New York Times,"""People use the term '3-D selfie' a lot. It really isn‚Äôt that."" https://t.co/Vdq9LrJiEf",0.0,0.0,0.0,1.0
410,Sun Jan 07 02:13:25 +0000 2018,11,The New York Times,New Jersey is now the last state in the nation where drivers are not allowed to pump their own gasoline https://t.co/jSbFU0HcVk,0.0,0.0,0.0,1.0
411,Sun Jan 07 01:55:34 +0000 2018,12,The New York Times,"""I became more patient, less anxious, more capable of loving, less afraid of death and decline"" https://t.co/GpZKVGjR43",0.2928,0.267,0.221,0.512
412,Sun Jan 07 01:39:13 +0000 2018,13,The New York Times,"With floor-to-ceiling windows looking out over a steep lot, the airy home has the feeling of a treehouse https://t.co/yVW6F8gLdh",0.128,0.086,0.0,0.914
413,Sun Jan 07 01:22:59 +0000 2018,14,The New York Times,Want to be more well read in 2018? Sync your calendar to keep up with the latest and greatest in books.‚Ä¶ https://t.co/QLfpsPnR1U,0.7841,0.293,0.0,0.707
414,Sun Jan 07 01:05:58 +0000 2018,15,The New York Times,"Where pot entrepreneurs go when the banks just say no
https://t.co/GVxsuIkIQS",-0.296,0.0,0.18,0.82
415,Sun Jan 07 00:49:16 +0000 2018,16,The New York Times,Gunmen Kill 13 in Restive Southern Region of Senegal https://t.co/f7uMDmmkaq,-0.6908,0.0,0.343,0.657
416,Sun Jan 07 00:34:40 +0000 2018,17,The New York Times,Opinion: The Alt-Right‚Äôs Asian Fetish https://t.co/MEnl0LU8BM,0.0,0.0,0.0,1.0
417,Sun Jan 07 00:26:30 +0000 2018,18,The New York Times,"Why more men are choosing nursing as a profession, and why that is good news https://t.co/UGe3mF7e6b",0.4404,0.172,0.0,0.828
418,Sun Jan 07 00:08:52 +0000 2018,19,The New York Times,People see Hanyu for the first time and they become hysterical or they‚Äôre moved to tears https://t.co/EcwTJtFZ0y,-0.25,0.0,0.167,0.833
419,Sat Jan 06 23:51:10 +0000 2018,20,The New York Times,"This cat sensed death. What if computers could, too?
https://t.co/gYUS6BGBXS",-0.5994,0.0,0.302,0.698
420,Sun Jan 07 05:06:52 +0000 2018,21,The New York Times,"The question for Masha Gessen, who won the nonfiction award in 2017 from the National Book Foundation, is how susta‚Ä¶ https://t.co/domS8qlKID",0.802,0.275,0.0,0.725
421,Sun Jan 07 04:50:36 +0000 2018,22,The New York Times,9 ways to work better in 2018 https://t.co/M2RvGbot0L,0.4404,0.326,0.0,0.674
422,Sun Jan 07 04:33:47 +0000 2018,23,The New York Times,Does the NFL have a Usain Bolt? Here are the league‚Äôs fastest players. https://t.co/vKexcQ2qoS https://t.co/5lOGsx5gd4,0.0,0.0,0.0,1.0
423,Sun Jan 07 04:16:59 +0000 2018,24,The New York Times,January has arguably become a more important month in the TV calendar than September https://t.co/PyfrYBWmdZ,0.024,0.13,0.124,0.746
424,Sun Jan 07 04:00:24 +0000 2018,25,The New York Times,You may not want to know the answer to this question https://t.co/wxnH3XqEaK,-0.0572,0.0,0.1,0.9
425,Sun Jan 07 03:43:56 +0000 2018,26,The New York Times,The key to this bright soup is the Parmesan-rosemary-lemon topping https://t.co/VubjFDvs9t,0.5228,0.252,0.0,0.748
426,Sun Jan 07 03:27:42 +0000 2018,27,The New York Times,"""I was itching to touch him, to have his hands on me. I wanted to be more desirable than God."" https://t.co/5taKiwWSTh",0.3804,0.12,0.0,0.88
427,Sun Jan 07 03:11:03 +0000 2018,28,The New York Times,Half the people in this Utah county are Native American. But American Indians have never controlled the local gover‚Ä¶ https://t.co/uNBuXbJIpD,0.0,0.0,0.0,1.0
428,Sun Jan 07 02:54:47 +0000 2018,29,The New York Times,Nothing seems to have captured the imagination of people here like the saxophone https://t.co/HqNLAimcRy,0.3612,0.161,0.0,0.839
429,Sun Jan 07 02:34:16 +0000 2018,30,The New York Times,"""People use the term '3-D selfie' a lot. It really isn‚Äôt that."" https://t.co/Vdq9LrJiEf",0.0,0.0,0.0,1.0
430,Sun Jan 07 02:13:25 +0000 2018,31,The New York Times,New Jersey is now the last state in the nation where drivers are not allowed to pump their own gasoline https://t.co/jSbFU0HcVk,0.0,0.0,0.0,1.0
431,Sun Jan 07 01:55:34 +0000 2018,32,The New York Times,"""I became more patient, less anxious, more capable of loving, less afraid of death and decline"" https://t.co/GpZKVGjR43",0.2928,0.267,0.221,0.512
432,Sun Jan 07 01:39:13 +0000 2018,33,The New York Times,"With floor-to-ceiling windows looking out over a steep lot, the airy home has the feeling of a treehouse https://t.co/yVW6F8gLdh",0.128,0.086,0.0,0.914
433,Sun Jan 07 01:22:59 +0000 2018,34,The New York Times,Want to be more well read in 2018? Sync your calendar to keep up with the latest and greatest in books.‚Ä¶ https://t.co/QLfpsPnR1U,0.7841,0.293,0.0,0.707
434,Sun Jan 07 01:05:58 +0000 2018,35,The New York Times,"Where pot entrepreneurs go when the banks just say no
https://t.co/GVxsuIkIQS",-0.296,0.0,0.18,0.82
435,Sun Jan 07 00:49:16 +0000 2018,36,The New York Times,Gunmen Kill 13 in Restive Southern Region of Senegal https://t.co/f7uMDmmkaq,-0.6908,0.0,0.343,0.657
436,Sun Jan 07 00:34:40 +0000 2018,37,The New York Times,Opinion: The Alt-Right‚Äôs Asian Fetish https://t.co/MEnl0LU8BM,0.0,0.0,0.0,1.0
437,Sun Jan 07 00:26:30 +0000 2018,38,The New York Times,"Why more men are choosing nursing as a profession, and why that is good news https://t.co/UGe3mF7e6b",0.4404,0.172,0.0,0.828
438,Sun Jan 07 00:08:52 +0000 2018,39,The New York Times,People see Hanyu for the first time and they become hysterical or they‚Äôre moved to tears https://t.co/EcwTJtFZ0y,-0.25,0.0,0.167,0.833
439,Sat Jan 06 23:51:10 +0000 2018,40,The New York Times,"This cat sensed death. What if computers could, too?
https://t.co/gYUS6BGBXS",-0.5994,0.0,0.302,0.698
440,Sun Jan 07 05:06:52 +0000 2018,41,The New York Times,"The question for Masha Gessen, who won the nonfiction award in 2017 from the National Book Foundation, is how susta‚Ä¶ https://t.co/domS8qlKID",0.802,0.275,0.0,0.725
441,Sun Jan 07 04:50:36 +0000 2018,42,The New York Times,9 ways to work better in 2018 https://t.co/M2RvGbot0L,0.4404,0.326,0.0,0.674
442,Sun Jan 07 04:33:47 +0000 2018,43,The New York Times,Does the NFL have a Usain Bolt? Here are the league‚Äôs fastest players. https://t.co/vKexcQ2qoS https://t.co/5lOGsx5gd4,0.0,0.0,0.0,1.0
443,Sun Jan 07 04:16:59 +0000 2018,44,The New York Times,January has arguably become a more important month in the TV calendar than September https://t.co/PyfrYBWmdZ,0.024,0.13,0.124,0.746
444,Sun Jan 07 04:00:24 +0000 2018,45,The New York Times,You may not want to know the answer to this question https://t.co/wxnH3XqEaK,-0.0572,0.0,0.1,0.9
445,Sun Jan 07 03:43:56 +0000 2018,46,The New York Times,The key to this bright soup is the Parmesan-rosemary-lemon topping https://t.co/VubjFDvs9t,0.5228,0.252,0.0,0.748
446,Sun Jan 07 03:27:42 +0000 2018,47,The New York Times,"""I was itching to touch him, to have his hands on me. I wanted to be more desirable than God."" https://t.co/5taKiwWSTh",0.3804,0.12,0.0,0.88
447,Sun Jan 07 03:11:03 +0000 2018,48,The New York Times,Half the people in this Utah county are Native American. But American Indians have never controlled the local gover‚Ä¶ https://t.co/uNBuXbJIpD,0.0,0.0,0.0,1.0
448,Sun Jan 07 02:54:47 +0000 2018,49,The New York Times,Nothing seems to have captured the imagination of people here like the saxophone https://t.co/HqNLAimcRy,0.3612,0.161,0.0,0.839
449,Sun Jan 07 02:34:16 +0000 2018,50,The New York Times,"""People use the term '3-D selfie' a lot. It really isn‚Äôt that."" https://t.co/Vdq9LrJiEf",0.0,0.0,0.0,1.0
450,Sun Jan 07 02:13:25 +0000 2018,51,The New York Times,New Jersey is now the last state in the nation where drivers are not allowed to pump their own gasoline https://t.co/jSbFU0HcVk,0.0,0.0,0.0,1.0
451,Sun Jan 07 01:55:34 +0000 2018,52,The New York Times,"""I became more patient, less anxious, more capable of loving, less afraid of death and decline"" https://t.co/GpZKVGjR43",0.2928,0.267,0.221,0.512
452,Sun Jan 07 01:39:13 +0000 2018,53,The New York Times,"With floor-to-ceiling windows looking out over a steep lot, the airy home has the feeling of a treehouse https://t.co/yVW6F8gLdh",0.128,0.086,0.0,0.914
453,Sun Jan 07 01:22:59 +0000 2018,54,The New York Times,Want to be more well read in 2018? Sync your calendar to keep up with the latest and greatest in books.‚Ä¶ https://t.co/QLfpsPnR1U,0.7841,0.293,0.0,0.707
454,Sun Jan 07 01:05:58 +0000 2018,55,The New York Times,"Where pot entrepreneurs go when the banks just say no
https://t.co/GVxsuIkIQS",-0.296,0.0,0.18,0.82
455,Sun Jan 07 00:49:16 +0000 2018,56,The New York Times,Gunmen Kill 13 in Restive Southern Region of Senegal https://t.co/f7uMDmmkaq,-0.6908,0.0,0.343,0.657
456,Sun Jan 07 00:34:40 +0000 2018,57,The New York Times,Opinion: The Alt-Right‚Äôs Asian Fetish https://t.co/MEnl0LU8BM,0.0,0.0,0.0,1.0
457,Sun Jan 07 00:26:30 +0000 2018,58,The New York Times,"Why more men are choosing nursing as a profession, and why that is good news https://t.co/UGe3mF7e6b",0.4404,0.172,0.0,0.828
458,Sun Jan 07 00:08:52 +0000 2018,59,The New York Times,People see Hanyu for the first time and they become hysterical or they‚Äôre moved to tears https://t.co/EcwTJtFZ0y,-0.25,0.0,0.167,0.833
459,Sat Jan 06 23:51:10 +0000 2018,60,The New York Times,"This cat sensed death. What if computers could, too?
https://t.co/gYUS6BGBXS",-0.5994,0.0,0.302,0.698
460,Sun Jan 07 05:06:52 +0000 2018,61,The New York Times,"The question for Masha Gessen, who won the nonfiction award in 2017 from the National Book Foundation, is how susta‚Ä¶ https://t.co/domS8qlKID",0.802,0.275,0.0,0.725
461,Sun Jan 07 04:50:36 +0000 2018,62,The New York Times,9 ways to work better in 2018 https://t.co/M2RvGbot0L,0.4404,0.326,0.0,0.674
462,Sun Jan 07 04:33:47 +0000 2018,63,The New York Times,Does the NFL have a Usain Bolt? Here are the league‚Äôs fastest players. https://t.co/vKexcQ2qoS https://t.co/5lOGsx5gd4,0.0,0.0,0.0,1.0
463,Sun Jan 07 04:16:59 +0000 2018,64,The New York Times,January has arguably become a more important month in the TV calendar than September https://t.co/PyfrYBWmdZ,0.024,0.13,0.124,0.746
464,Sun Jan 07 04:00:24 +0000 2018,65,The New York Times,You may not want to know the answer to this question https://t.co/wxnH3XqEaK,-0.0572,0.0,0.1,0.9
465,Sun Jan 07 03:43:56 +0000 2018,66,The New York Times,The key to this bright soup is the Parmesan-rosemary-lemon topping https://t.co/VubjFDvs9t,0.5228,0.252,0.0,0.748
466,Sun Jan 07 03:27:42 +0000 2018,67,The New York Times,"""I was itching to touch him, to have his hands on me. I wanted to be more desirable than God."" https://t.co/5taKiwWSTh",0.3804,0.12,0.0,0.88
467,Sun Jan 07 03:11:03 +0000 2018,68,The New York Times,Half the people in this Utah county are Native American. But American Indians have never controlled the local gover‚Ä¶ https://t.co/uNBuXbJIpD,0.0,0.0,0.0,1.0
468,Sun Jan 07 02:54:47 +0000 2018,69,The New York Times,Nothing seems to have captured the imagination of people here like the saxophone https://t.co/HqNLAimcRy,0.3612,0.161,0.0,0.839
469,Sun Jan 07 02:34:16 +0000 2018,70,The New York Times,"""People use the term '3-D selfie' a lot. It really isn‚Äôt that."" https://t.co/Vdq9LrJiEf",0.0,0.0,0.0,1.0
470,Sun Jan 07 02:13:25 +0000 2018,71,The New York Times,New Jersey is now the last state in the nation where drivers are not allowed to pump their own gasoline https://t.co/jSbFU0HcVk,0.0,0.0,0.0,1.0
471,Sun Jan 07 01:55:34 +0000 2018,72,The New York Times,"""I became more patient, less anxious, more capable of loving, less afraid of death and decline"" https://t.co/GpZKVGjR43",0.2928,0.267,0.221,0.512
472,Sun Jan 07 01:39:13 +0000 2018,73,The New York Times,"With floor-to-ceiling windows looking out over a steep lot, the airy home has the feeling of a treehouse https://t.co/yVW6F8gLdh",0.128,0.086,0.0,0.914
473,Sun Jan 07 01:22:59 +0000 2018,74,The New York Times,Want to be more well read in 2018? Sync your calendar to keep up with the latest and greatest in books.‚Ä¶ https://t.co/QLfpsPnR1U,0.7841,0.293,0.0,0.707
474,Sun Jan 07 01:05:58 +0000 2018,75,The New York Times,"Where pot entrepreneurs go when the banks just say no
https://t.co/GVxsuIkIQS",-0.296,0.0,0.18,0.82
475,Sun Jan 07 00:49:16 +0000 2018,76,The New York Times,Gunmen Kill 13 in Restive Southern Region of Senegal https://t.co/f7uMDmmkaq,-0.6908,0.0,0.343,0.657
476,Sun Jan 07 00:34:40 +0000 2018,77,The New York Times,Opinion: The Alt-Right‚Äôs Asian Fetish https://t.co/MEnl0LU8BM,0.0,0.0,0.0,1.0
477,Sun Jan 07 00:26:30 +0000 2018,78,The New York Times,"Why more men are choosing nursing as a profession, and why that is good news https://t.co/UGe3mF7e6b",0.4404,0.172,0.0,0.828
478,Sun Jan 07 00:08:52 +0000 2018,79,The New York Times,People see Hanyu for the first time and they become hysterical or they‚Äôre moved to tears https://t.co/EcwTJtFZ0y,-0.25,0.0,0.167,0.833
479,Sat Jan 06 23:51:10 +0000 2018,80,The New York Times,"This cat sensed death. What if computers could, too?
https://t.co/gYUS6BGBXS",-0.5994,0.0,0.302,0.698
480,Sun Jan 07 05:06:52 +0000 2018,81,The New York Times,"The question for Masha Gessen, who won the nonfiction award in 2017 from the National Book Foundation, is how susta‚Ä¶ https://t.co/domS8qlKID",0.802,0.275,0.0,0.725
481,Sun Jan 07 04:50:36 +0000 2018,82,The New York Times,9 ways to work better in 2018 https://t.co/M2RvGbot0L,0.4404,0.326,0.0,0.674
482,Sun Jan 07 04:33:47 +0000 2018,83,The New York Times,Does the NFL have a Usain Bolt? Here are the league‚Äôs fastest players. https://t.co/vKexcQ2qoS https://t.co/5lOGsx5gd4,0.0,0.0,0.0,1.0
483,Sun Jan 07 04:16:59 +0000 2018,84,The New York Times,January has arguably become a more important month in the TV calendar than September https://t.co/PyfrYBWmdZ,0.024,0.13,0.124,0.746
484,Sun Jan 07 04:00:24 +0000 2018,85,The New York Times,You may not want to know the answer to this question https://t.co/wxnH3XqEaK,-0.0572,0.0,0.1,0.9
485,Sun Jan 07 03:43:56 +0000 2018,86,The New York Times,The key to this bright soup is the Parmesan-rosemary-lemon topping https://t.co/VubjFDvs9t,0.5228,0.252,0.0,0.748
486,Sun Jan 07 03:27:42 +0000 2018,87,The New York Times,"""I was itching to touch him, to have his hands on me. I wanted to be more desirable than God."" https://t.co/5taKiwWSTh",0.3804,0.12,0.0,0.88
487,Sun Jan 07 03:11:03 +0000 2018,88,The New York Times,Half the people in this Utah county are Native American. But American Indians have never controlled the local gover‚Ä¶ https://t.co/uNBuXbJIpD,0.0,0.0,0.0,1.0
488,Sun Jan 07 02:54:47 +0000 2018,89,The New York Times,Nothing seems to have captured the imagination of people here like the saxophone https://t.co/HqNLAimcRy,0.3612,0.161,0.0,0.839
489,Sun Jan 07 02:34:16 +0000 2018,90,The New York Times,"""People use the term '3-D selfie' a lot. It really isn‚Äôt that."" https://t.co/Vdq9LrJiEf",0.0,0.0,0.0,1.0
490,Sun Jan 07 02:13:25 +0000 2018,91,The New York Times,New Jersey is now the last state in the nation where drivers are not allowed to pump their own gasoline https://t.co/jSbFU0HcVk,0.0,0.0,0.0,1.0
491,Sun Jan 07 01:55:34 +0000 2018,92,The New York Times,"""I became more patient, less anxious, more capable of loving, less afraid of death and decline"" https://t.co/GpZKVGjR43",0.2928,0.267,0.221,0.512
492,Sun Jan 07 01:39:13 +0000 2018,93,The New York Times,"With floor-to-ceiling windows looking out over a steep lot, the airy home has the feeling of a treehouse https://t.co/yVW6F8gLdh",0.128,0.086,0.0,0.914
493,Sun Jan 07 01:22:59 +0000 2018,94,The New York Times,Want to be more well read in 2018? Sync your calendar to keep up with the latest and greatest in books.‚Ä¶ https://t.co/QLfpsPnR1U,0.7841,0.293,0.0,0.707
494,Sun Jan 07 01:05:58 +0000 2018,95,The New York Times,"Where pot entrepreneurs go when the banks just say no
https://t.co/GVxsuIkIQS",-0.296,0.0,0.18,0.82
495,Sun Jan 07 00:49:16 +0000 2018,96,The New York Times,Gunmen Kill 13 in Restive Southern Region of Senegal https://t.co/f7uMDmmkaq,-0.6908,0.0,0.343,0.657
496,Sun Jan 07 00:34:40 +0000 2018,97,The New York Times,Opinion: The Alt-Right‚Äôs Asian Fetish https://t.co/MEnl0LU8BM,0.0,0.0,0.0,1.0
497,Sun Jan 07 00:26:30 +0000 2018,98,The New York Times,"Why more men are choosing nursing as a profession, and why that is good news https://t.co/UGe3mF7e6b",0.4404,0.172,0.0,0.828
498,Sun Jan 07 00:08:52 +0000 2018,99,The New York Times,People see Hanyu for the first time and they become hysterical or they‚Äôre moved to tears https://t.co/EcwTJtFZ0y,-0.25,0.0,0.167,0.833
499,Sat Jan 06 23:51:10 +0000 2018,100,The New York Times,"This cat sensed death. What if computers could, too?
https://t.co/gYUS6BGBXS",-0.5994,0.0,0.302,0.698
